CellPhone_111, [0.0723096,0.111584,0.0573978,0.172174,0.0464235, 0.044359],0,,,,,,,
Couch_138, [0.00672345,0.123073,-0.00109626,0.205991,0.0429606, 0.103401],0,,,,,,,
TableLamp_54, [-0.018079,0.16464,0.0152892,0.384012,-0.206127, 0.0535601],0,,,,,,,
EndTable_25, [0.0680224,0.178332,0.0353293,0.398272,0.115982, 0.435862],0.25,,,,,,,
TV_136, [-0.00716773,0.0722336,-0.00190784,-0.0536946,0.0478161, -0.0511942],0.5,,,,,,,
Book_7, [0.0566772,0.128213,0.0193007,0.0983439,0.0507839, 0.10309],0.25,,,,,,,
Picture_37, [0.00721061,0.0659609,0.0729724,0.404976,-0.0419449, 0.394087],0,,,,,,,
Desk_142, [0.0759295,0.0925221,-0.0302541,-0.0321168,-0.013125, -0.248892],0.25,,,,,,,
Chair_202, [0.0390767,0.196987,-0.00297265,0.337901,0.21479, 0.590601],0.25,,,,,,,
LightSwitch_30, [-0.00952498,0.138299,-0.0265627,0.216813,0.0701136, 0.262703],0,,,,,,,
Backpack_3, [0.0359839,0.152451,-0.00697817,0.0489243,-0.00322127, -0.152543],0,,,,,,,
Guitar_54, [0.0520575,0.124282,0.00837668,0.192964,0.0625474, 0.149852],0,,,,,,,
CeilingLamp_38, [0.0549835,0.128535,0.0185666,0.0984177,0.051427, 0.103572],0.5,,,,,,,
EndTable_80, [-0.0862969,0.246255,0.0520501,0.0742421,-0.016669, 0.449999],0,,,,,,,
Xbox_6, [0.104231,0.132192,0.0114599,0.220175,0.0342003, 0.0319201],0,,,,,,,
Monitor_85, [0.0304168,0.124175,0.0705678,0.423553,-0.0341042, 0.287453],0,,,,,,,
Armoire_15, [0.0446461,0.121113,0.0199541,0.190511,0.0463713, 0.0928631],0,,,,,,,
Copier_2, [0.0917476,0.11292,0.00959698,0.0482772,-0.0064051, -0.190796],0.25,,,,,,,
Spoon_13, [0.0641196,0.12981,0.0314549,0.054957,0.04826, -0.0142633],0,,,,,,,
Camera_40, [-0.0267084,0.207931,-0.0146644,0.253363,0.165002, 0.527035],0,,,,,,,
3Shelves, [-0.00853616,0.0626597,-0.0146537,0.07556,0.193639, -0.0188985],0.25,,,,,,,
Dresser_191, [0.0249781,0.064371,0.0144291,-0.0609328,-0.0182198, -0.181387],0,,,,,,,
Chair_238, [-0.0278001,0.135354,-0.0638648,-0.0651265,0.198217, -0.320557],0.25,,,,,,,
Toilet_29, [-0.01431,0.126686,0.0549295,0.196893,-0.322626, 0.186041],0,,,,,,,
Sideboard_51, [0.0500149,0.131757,0.0297203,0.0729564,0.069772, 0.0614327],0.25,,,,,,,
TV_165, [-0.0368228,0.110605,-0.102177,0.394657,-0.000520569, 0.622323],0.25,,,,,,,
Mattress_13, [0.0545146,0.102533,0.0215258,0.307276,-0.0049968, 0.191182],0,,,,,,,
SingleBed_10, [0.0582301,0.0880942,-0.0213399,-0.0165145,0.140533, -0.0987655],0.5,,,,,,,
FloorLamp_83, [0.0615643,0.137659,0.0507912,0.120524,0.0605639, 0.0129296],0,,,,,,,
Fireplace_7, [-0.0184555,0.0479517,-0.00929182,0.0339431,0.179765, -0.182873],0.25,,,,,,,
Cup_16, [0.0438931,0.136391,0.0125435,0.204403,0.0803542, 0.147359],0,,,,,,,
Desktop_23, [0.02463,0.0866169,0.023024,0.149355,-0.00219287, 0.039637],0,,,,,,,
Barstool_69, [0.0399757,0.133469,0.0326496,0.0553977,0.096687, 0.0135583],0.25,,,,,,,
Chair_131, [0.0153335,0.0821095,0.0472477,0.0563157,0.0359917, -0.0103276],0,,,,,,,
Guitar_58, [0.0542462,0.172316,-0.0346455,0.304914,-0.0476426, 0.25125],0,,,,,,,
Mug_93, [-0.00351952,0.0715774,0.0564676,0.229117,0.010737, 0.147585],0,,,,,,,
ChestOfDrawers_65, [0.0593562,0.0777141,-0.018311,0.316909,-0.0227031, 0.150375],0,,,,,,,
CeilingLamp_22, [0.0398729,0.133133,0.0325089,0.0549612,0.0957342, 0.0124806],0.25,,,,,,,
Lamp_19, [0.00733245,0.14827,0.00116386,0.177343,0.0713136, 0.330377],0,,,,,,,
Battery_17, [0.00303678,0.0150074,0.0854235,-0.11856,-0.0259014, -0.0685061],0,,,,,,,
 EndTable_5, [0.0588048,0.0950355,-0.00857485,-0.0395121,0.0310815, -0.293178],0.25,,,,,,,
LampPost_20, [-0.0986104,0.188044,0.0101009,-0.162858,0.207204, -0.336141],0,,,,,,,
BreadSlice_2, [0.0399707,0.133444,0.0323244,0.0565576,0.095873, 0.0151484],0.25,,,,,,,
Vase_33, [0.00112924,0.127167,-0.00383659,0.0580821,0.114118, -0.0577885],0,,,,,,,
FoodItem_65, [-0.0397521,0.217304,-0.039572,0.341508,0.0690079, 0.457087],0.25,,,,,,,
Bench_39, [0.0227586,0.0518246,0.0295275,0.0647869,0.00889677, -0.116381],0,,,,,,,
Helicopter_3, [0.0163218,0.11915,-0.00106102,0.160912,0.0383041, 0.154124],0,,,,,,,
Ring_13, [0.0398939,0.133153,0.0324766,0.0549951,0.0957291, 0.0125837],0.25,,,,,,,
Keyboard_11, [0.0398938,0.133152,0.0324774,0.054996,0.0957275, 0.0125839],0,,,,,,,
Laptop_45, [0.0269806,0.0315013,0.0427513,-0.0615677,0.0294782, -0.155297],0.5,,,,,,,
Backpack_2, [0.134296,-0.0307213,-0.0528499,0.0604836,0.215335, -0.603752],0,,,,,,,
Desk_115, [0.163397,0.0663752,0.0840769,0.430669,-0.162303, 0.167462],0,,,,,,,
Couch_247, [0.211535,-0.0105961,-0.0496776,0.378122,-0.0902237, -0.176595],0.25,,,,,,,
Horse_17, [-0.0679277,0.301659,-0.0342871,0.115725,0.0921114, 0.157625],0.25,,,,,,,
Keyboard_11, [0.0807538,0.106696,0.0158103,0.0550514,0.0236542, 0.00713797],0,,,,,,,
Bag_5, [0.0337515,0.0525706,-0.0236173,0.139318,-0.157916, 0.146931],0.25,,,,,,,
WallLamp_31, [0.0744193,-0.0796876,0.0403877,-0.0563459,0.216618, -0.112794],0,,,,,,,
Guitar_56, [0.336134,0.203111,0.0684449,0.29243,0.093497, -0.291274],0.25,,,,,,,
Hat, [0.213875,0.270733,0.123731,0.178655,-0.0487961, 0.745882],0,,,,,,,
Cup_55, [0.0331862,0.22476,-0.0162473,0.298435,0.127831, 0.695307],0.25,,,,,,,
Dresser_50, [0.0104601,0.0994565,-0.0586772,-0.108491,0.098814, -0.381546],0.25,,,,,,,
Plant_41, [-0.242262,0.093503,-0.0242993,-1.41315,0.581365, -0.546681],0,,,,,,,
CerealBox_17, [0.181501,0.0324342,-0.0272083,-0.0655243,0.263718, -0.597613],0.25,,,,,,,
Couch_91, [0.0597008,0.0672201,-0.0202414,0.374376,-0.0291219, 0.479676],0.25,,,,,,,
Scissors_5, [0.0807538,0.106696,0.0158103,0.0550514,0.0236542, 0.00713797],0,,,,,,,
Book_84, [-0.122274,0.196722,-0.0557676,0.0107061,0.429838, -0.0302503],0.25,,,,,,,
Laptop_124, [0.0573448,0.150917,0.024728,0.0741411,-0.0805259, 0.313989],0.25,,,,,,,
Couch_187, [0.0357075,0.0202812,-0.00939346,0.123675,-0.0465998, -0.275278],0.25,,,,,,,
Hammer_23, [-0.135441,0.0277843,-0.226187,0.0668895,0.0518871, 0.573508],0.25,,,,,,,
Couch_167, [0.0108312,0.105245,0.0326788,0.0670025,0.0986946, -0.151257],0.25,,,,,,,
FloorLamp_60, [-0.241704,0.359403,-0.0542614,-0.989854,0.542783, -0.885344],0,,,,,,,
Mattress_2, [0.198896,0.212411,0.122282,0.381732,-0.23739, 0.695338],0,,,,,,,
Couch_348, [0.271649,0.0455171,0.0911449,0.555548,-0.148254, 0.37937],0.25,,,,,,,
CellPhone_128, [0.207909,0.210388,0.0480083,0.170197,-0.0621708, -0.150219],0.25,,,,,,,
QueenBed_38, [-0.0361557,-0.00258674,-0.121793,-0.367849,-0.0186538, -0.265152],0,,,,,,,
WallArt_46, [-0.177752,0.0506741,0.0104478,-0.574136,1.00347, -1.68873],0.25,,,,,,,
EndTable_34, [-0.0712724,0.188728,-0.0376923,0.0429209,-0.0959807, -0.148077],0.25,,,,,,,
Chair_197, [-0.0458462,0.173246,-0.100413,-0.0428433,-0.122249, -0.541942],0,,,,,,,
Books_2, [0.0897109,0.108588,0.0129839,0.0947871,0.0130554, 0.0558197],0,,,,,,,
OfficeChair_80, [-0.0345895,0.154518,0.0559752,0.213359,-0.122227, 0.199001],0.25,,,,,,,
Piano_33, [0.0823968,-0.120568,0.0511578,0.368035,-0.4625, 0.826874],0.25,,,,,,,
Microwave_8, [0.137882,-0.117998,0.0292502,0.845807,-0.293148, 0.552618],0.25,,,,,,,
Piano_23, [-0.0505135,0.152946,-0.0392056,0.473071,0.349277, 1.56586],0.25,,,,,,,
Couch_215, [0.0807057,0.0368297,-0.0674375,0.360183,-0.105292, 0.207811],0.25,,,,,,,
Pencil_40, [-0.0650747,-0.0149091,0.278322,-0.923755,-0.0370223, -0.403644],0.25,,,,,,,
Keyboard_21, [-0.0335139,0.155891,0.00634266,-0.0164023,0.045133, -0.102984],0.25,,,,,,,
PowerSocket_8, [0.0566907,0.100009,-0.0616231,0.248056,-0.00424537, 0.200416],0.25,,,,,,,
Armoire_71, [0.00502838,0.0765784,-0.0332928,-0.129858,0.0057046, -0.106099],0.25,,,,,,,
Couch_61, [0.121745,0.199084,-0.0884774,0.364682,-0.0147605, 0.236159],0.25,,,,,,,
TV_199, [0.219865,0.0883097,-0.0483365,0.392117,-0.0327085, 0.209387],0,,,,,,,
Cup_41, [-0.0410618,-0.0622913,0.063571,0.326099,-0.0547497, 0.988243],0.25,,,,,,,
Dresser_96, [0.0701996,-0.0464685,-0.0401663,-0.0503685,0.23254, -0.289722],0,,,,,,,
Pan_4, [0.221823,0.258374,-0.00329468,0.228752,0.0639133, -0.437833],0.25,,,,,,,
Couch_139, [-0.0307866,0.361071,0.0596447,0.61017,0.127967, 0.602898],0.25,,,,,,,
Gun_32, [-0.0123629,0.283294,0.0715582,0.443462,0.0919289, 0.221957],0,,,,,,,
Vase_165, [0.113599,-0.039395,0.151678,-0.054763,0.276355, -0.149616],0.25,,,,,,,
Chair_123, [-0.0761085,0.283199,-0.0361319,0.250666,0.0255672, 0.285329],0.25,,,,,,,
4Shelves_5, [0.0852815,0.109218,-0.010186,-0.216338,0.472764, -0.81896],0.25,,,,,,,
Candle_42, [0.0593124,-0.0381652,0.064893,-0.241188,0.598348, -1.11117],0.25,,,,,,,
TV_184, [-0.106343,0.304336,0.0155976,-0.856953,0.195714, -1.46039],0.25,,,,,,,
Monitor_122, [0.0603774,0.461102,-0.0492248,1.05807,0.538161, 1.88527],0.25,,,,,,,
CellPhone_54, [0.239891,0.180274,0.0942015,0.131102,-0.0502057, -0.425795],0.25,,,,,,,
FloorLamp_55, [-0.0281184,0.102436,0.00389906,0.0406825,0.208482, -0.374472],0.25,,,,,,,
TableClock_10, [0.0396316,-0.000201274,-0.109972,0.204779,-0.0947687, 0.131533],0,,,,,,,
FloorLamp_97, [-0.145096,0.172069,-0.173646,-0.145416,0.468024, -0.516957],0,,,,,,,
Laptop_21, [0.0994551,0.0838381,0.000339001,0.0468199,-0.0297936, -0.198129],0.25,,,,,,,
TV_24, [0.0807538,0.106696,0.0158103,0.0550514,0.0236542, 0.00713797],0,,,,,,,
PillBottle, [0.0895799,0.0405305,0.0297864,0.182506,0.0361984, 0.0389454],0.25,,,,,,,
Keyboard_19, [-0.0530298,0.119151,-0.0970824,0.00601081,-0.118028, -0.299131],0,,,,,,,
Candle_3, [0.153416,-0.0726808,0.282914,-0.236751,0.557881, 0.0778355],0.25,,,,,,,
Book_36, [0.103007,0.0228404,-0.0366788,0.30977,-0.096306, 0.144974],0,,,,,,,
Keyboard_21, [-0.0236941,0.147103,-0.00711643,0.00171366,0.0161546, -0.112977],0,,,,,,,
Mug_76, [0.0106295,0.106985,-0.120361,-0.0925907,0.0347621, -0.448419],0.25,,,,,,,
TableLamp_36, [-0.130586,0.433768,-0.0309177,0.1203,0.334961, -0.00825557],0.25,,,,,,,
MediaPlayer_28, [0.0742163,0.0774308,-0.0324805,0.211791,0.0231392, 0.20259],0,,,,,,,
Plant_25, [0.0581838,0.00598557,0.0867519,0.0147468,0.0761967, -0.0719436],0.25,,,,,,,
Bench_17, [-0.000181876,0.154455,-0.0388141,-0.501742,-0.0624954, -0.634029],0,,,,,,,
TableLamp_17, [-0.00186279,0.0190248,-0.043909,0.150949,0.0921328, -0.360709],0.25,,,,,,,
Dresser_145, [0.0860268,0.256561,-0.00851599,0.720927,0.0943127, 0.616977],0.25,,,,,,,
3Shelves_9, [-0.0239104,0.141704,-0.021682,-0.45259,0.0263874, -0.60312],0.25,,,,,,,
Couch_261, [-0.065563,0.2567,-0.0433012,0.176961,0.0197047, 0.141601],0,,,,,,,
Horse_20, [0.0807538,0.106696,0.0158103,0.0550514,0.0236542, 0.00713797],0.5,,,,,,,
EndTable_29, [0.0653377,0.0343277,-0.0804794,-0.0599996,0.386149, -0.470301],0.25,,,,,,,
WallArt_28, [-0.109464,0.270537,0.0277338,0.364856,0.0821286, 0.252894],0.25,,,,,,,
Book_48, [0.0807538,0.106696,0.0158103,0.0550514,0.0236542, 0.00713797],0,,,,,,,
LightSwitch_34, [0.0807538,0.106696,0.0158103,0.0550514,0.0236542, 0.00713797],0,,,,,,,
OfficeChair_93, [0.126463,-0.00823323,-0.0619653,0.703446,-0.210342, 0.532008],0.25,,,,,,,
Fork_18, [0.0797749,0.131429,0.00971699,-0.0202737,-0.0227283, -0.224458],0.25,,,,,,,
Table_86, [0.164508,0.362972,-0.103063,0.189812,-0.15908, -0.299389],0.25,,,,,,,
FoodItem_48, [0.0152007,0.348472,-0.129906,0.397877,0.0582509, 0.590104],0.25,,,,,,,
Monitor_67, [0.0271558,0.148036,0.012574,0.129172,0.0491955, -0.174671],0.25,,,,,,,
SideChair_21, [0.110668,0.168431,-0.0898128,-0.15945,-0.307406, -1.02208],0.25,,,,,,,
WallLamp_45, [0.00666312,0.224975,-0.0620084,0.263248,0.0609264, 0.352988],0.25,,,,,,,
Spoon_20, [0.0746509,0.126588,0.0327555,0.0355965,-0.00610736, -0.207248],0.25,,,,,,,
DrinkingUtensil_16, [0.0560902,-0.0396376,-0.0161254,0.126383,-0.303235, 0.160902],0.25,,,,,,,
Monitor_25, [-0.0715223,0.202375,0.186346,0.928437,0.0522315, 0.586324],0.25,,,,,,,
Bucket, [0.00817906,0.171181,0.0530254,-0.0151151,0.153407, -0.261339],0.25,,,,,,,
,,,,,,,,,,,,,,
Faucet_12, [0.0772442,0.135238,0.0521255,0.10406,0.0345479, 0.610866],0.25,,,,,,,
ComputerMouse_17, [0.176569,0.225871,0.0265463,0.168154,-0.0979039, -0.155234],0.25,,,,,,,
NintendoDS_15, [0.0940022,0.125798,-0.0222056,0.0544469,-0.0152366, -0.0854272],0.25,,,,,,,
Ruler_8, [0.0557978,0.109069,0.0409477,0.0405961,0.00877442, -0.191166],0.25,,,,,,,
Laptop_8, [0.0309432,0.106394,-0.03496,0.0538389,-0.0599705, -0.104678],0.25,,,,,,,
Desktop_30, [0.0414741,0.196248,-0.0213453,0.303473,0.136187, 0.51637],0.25,,,,,,,
EndTable_24, [0.0382506,0.12279,-0.0439509,-0.0855607,0.00819063, -0.290508],0.25,,,,,,,
Keyboard_22, [-0.0841352,0.141907,-0.0245355,-0.086587,0.4685, -0.0325089],0.25,,,,,,,
Bowl_28, [0.0460559,0.166512,-0.0578829,0.304117,-0.00340568, 0.359025],0,,,,,,,
OfficeChair_51, [0.00135735,0.193502,0.0146123,0.0556272,0.382728, -0.202024],0.25,,,,,,,
Mug_36, [-0.0518748,0.272095,-0.0324896,0.444109,-0.0557761, 0.451508],0.25,,,,,,,
WallUnit_28, [0.0291406,0.0466627,-0.0141167,0.0614767,-0.134625, 0.0545913],0.25,,,,,,,
ChestOfDrawers_22, [0.0676608,0.0842497,0.0262133,0.276695,-0.118753, 0.13982],0.25,,,,,,,
TableLamp_2, [0.0167676,0.135542,0.0110192,0.0915326,0.0886628, 0.160709],0.25,,,,,,,
Stool_11, [0.251157,0.733702,-0.218617,1.53872,0.55228, 2.26193],0.25,,,,,,,
Printer_24, [-0.0182945,0.109526,-0.0381488,-0.0335046,-0.00821979, -0.0367789],0.25,,,,,,,
WallLamp_65, [0.0807538,0.106696,0.0158103,0.0550514,0.0236542, 0.00713797],0.5,,,,,,,
Dresser_74, [0.0960268,0.0797846,-0.0315634,0.547506,-0.194949, 0.460326],0.25,,,,,,,
DiningTable_48, [0.185911,0.060316,-0.0408225,0.68181,-0.27448, 0.761162],0.25,,,,,,,
BeanBag_5, [0.0215343,0.318895,-0.00463888,0.331112,0.0385021, 0.370289],0.25,,,,,,,
ChestOfDrawers_71, [-0.102011,0.201718,-0.0222426,-0.00838114,-0.109689, -0.131018],0.25,,,,,,,
TrashBin_75, [0.141477,0.108161,0.277026,-0.221065,-0.0258707, -0.0534633],0.25,,,,,,,
PottedPlant_89, [-0.101986,0.353606,0.0294931,0.438103,0.0219116, 0.445792],0.25,,,,,,,
Pan_15, [0.132666,0.138053,0.00423006,0.34296,-0.0212552, 0.193975],0.25,,,,,,,
Donut_3, [0.0100286,0.129997,-0.0433303,-0.0603248,0.0586315, 0.201115],0.25,,,,,,,
Plate_13, [0.043749,0.0390375,0.0935749,0.113138,0.061348, 0.0437741],0.25,,,,,,,
Calculator_25, [0.0248679,0.0641406,-0.0406503,0.119101,-0.0488513, 0.0120985],0.25,,,,,,,
DoubleBed_12, [-0.0163543,0.141043,0.0245412,0.0698661,0.0987943, -0.085652],0.25,,,,,,,
Telephone_18, [0.0148384,0.0690626,0.110945,-0.34749,0.0241242, -0.32052],0.25,,,,,,,
TissueBox_17, [-0.0763458,0.18317,-0.0557229,-0.254861,0.189874, -0.63669],0.25,,,,,,,
FoodItem_7, [0.327707,0.0861997,0.112959,0.664452,-0.238036, 0.48677],0.25,,,,,,,
Couch_337, [0.124303,0.081746,-0.0596482,0.51295,-0.207652, 0.413117],0.25,,,,,,,
CoffeeTable_4, [0.0600135,-0.00811414,-0.00776646,0.628115,-0.0369005, 0.38744],0.25,,,,,,,
SodaCan_23, [0.101946,-0.0263515,0.173025,-0.046306,0.466704, -0.0302329],0.25,,,,,,,
Desk_176, [0.196014,0.0879026,-0.133015,0.663541,0.0987739, 0.57236],0.25,,,,,,,
Flashlight_7, [0.191598,0.248744,0.099449,0.567855,0.284368, 0.933107],0.25,,,,,,,
Bench_54, [-0.0989961,-0.258248,-0.148095,-0.36376,0.569228, -0.566558],0.25,,,,,,,
Book_77, [0.275649,0.0446121,-0.122121,1.06328,-0.423368, 1.50555],0.25,,,,,,,
Monitor_40, [-0.00321328,0.194946,-0.0670502,0.310973,0.0631442, 0.222957],0.25,,,,,,,
SodaCan_6, [-0.00126518,0.133456,-0.0482307,0.0142628,0.0718537, -0.160412],0.25,,,,,,,
Dog_3, [-0.00233707,0.226202,-0.0906212,0.307918,0.0955311, 0.357174],0.25,,,,,,,
Cabinet_134, [0.0678325,0.0802746,-0.0193674,0.184935,-0.076725, 0.105473],0.25,,,,,,,
OutdoorTable_2, [0.00613104,0.224998,-0.0622941,0.264874,0.0607021, 0.354359],0.25,,,,,,,
TrashBin_46, [-0.164467,-0.0139761,-0.163782,-0.100944,0.237682, -0.211595],0.25,,,,,,,
TV_81, [-0.0241314,0.166704,-0.0965547,0.0647414,0.174848, -0.168574],0.25,,,,,,,
Headboard_7, [-0.0880316,0.237566,-0.0324846,-0.478366,0.0998368, -0.831089],0.25,,,,,,,
WallLamp_33, [0.0807538,0.106696,0.0158103,0.0550514,0.0236542, 0.00713797],0,,,,,,,
WallUnit_48, [0.273332,0.0587282,0.0517487,0.209236,0.373013, -0.45916],0.25,,,,,,,
ChestOfDrawers_141, [0.070585,0.23387,-0.0319743,0.51618,0.0590122, 0.901608],0.25,,,,,,,
QueenBed_84, [-0.00521035,-0.0159638,-0.0556382,-0.0501175,0.186751, -0.112903],0.25,,,,,,,
Couch_93, [0.0840783,-0.00391375,0.156773,-0.190836,-0.0823773, 0.0392367],0.25,,,,,,,
TrashBin_91, [-0.0155347,0.0965678,-0.0376573,-0.136998,0.189553, -0.436885],0.25,,,,,,,
Nightstand_42, [0.0807538,0.106696,0.0158103,0.0550514,0.0236542, 0.00713797],0.5,,,,,,,
OfficeChair_18, [0.0978742,0.386985,-0.112502,-0.215813,0.0591592, 0.589981],0.25,,,,,,,
TrashBin_16, [-0.097452,0.411931,0.0958353,-0.013458,-0.0638671, 0.475359],0.25,,,,,,,
Headboard_6, [0.0176064,0.243765,-0.0755509,-0.373295,0.105599, -0.721435],0.25,,,,,,,
Dresser_19, [-0.0922496,0.203209,-0.0799524,-0.246891,0.268145, -0.674748],0.25,,,,,,,
Chair_5, [0.140701,-0.169364,0.25083,0.0798976,-0.409923, 0.595068],0.25,,,,,,,
Fireplace_19, [0.0174317,0.151908,-0.0210414,-0.166323,0.0630823, -0.289779],0.25,,,,,,,
Couch_290, [0.133488,-0.114418,-0.174779,1.07478,-0.214431, 1.44867],0.25,,,,,,,
Vase_73, [0.092525,0.349579,-0.120574,0.669791,-0.0267125, 0.725036],0.25,,,,,,,
Suitcase_4, [0.217846,-0.0203918,0.460431,-0.607828,-0.0642059, -0.0308594],0.25,,,,,,,
Vase_65, [0.167751,0.231165,0.00295192,0.196038,0.191135, 0.0576691],0.25,,,,,,,
Bottle_40, [-0.132872,0.33683,0.0127674,0.534917,0.222761, 0.835955],0.25,,,,,,,
ChestOfDrawers_43, [0.0145863,0.250288,0.0200983,0.420675,0.41823, 0.298743],0.25,,,,,,,
1Shelves_9, [0.00842172,0.118346,-0.0447052,0.247821,-0.0964849, 0.26598],0.25,,,,,,,
Chair_18, [0.0109111,0.188541,-0.0861167,-0.0273546,-0.205515, -0.547064],0.25,,,,,,,
FileCabinet_7, [0.0587058,0.0108762,-0.0270595,0.117445,-0.158266, 0.0472116],0.25,,,,,,,
SideChair_35, [0.100523,0.149775,-0.0429518,-0.0822362,-0.0599027, -0.546723],0.25,,,,,,,
Desktop_75, [0.0624477,0.261149,0.00596879,0.332944,-0.379075, 0.49616],0.25,,,,,,,
Monitor_103, [-0.110043,0.0994361,0.16718,-0.611273,-0.251319, -0.470664],0.25,,,,,,,
Chair_223, [0.193934,0.278739,-0.0755932,-0.0738793,-0.142056, -0.67149],0.25,,,,,,,
Monitor_119, [0.0725425,0.0118015,0.102354,0.0680325,-0.0769606, 0.0920958],0.25,,,,,,,
Pen_25, [-0.129985,0.257597,-0.0711802,-0.24331,-0.0781885, -0.296992],0.25,,,,,,,
Couch_105, [0.0337563,0.15051,-0.0339092,0.0134519,0.012587, -0.11251],0.25,,,,,,,
Basket_16, [0.232294,0.282488,0.0257808,0.811902,0.332498, 1.52685],0.25,,,,,,,
Bottle_21, [-0.133904,-0.00885922,-0.0956837,0.259494,0.587232, 0.701115],0.25,,,,,,,
MediaPlayer_46, [0.107411,0.0971806,-0.0876958,0.129703,0.0179651, 0.0464489],0.25,,,,,,,
Refrigerator_5, [-0.0351471,0.142568,-0.0602109,-0.437746,0.0613366, -0.54005],0.25,,,,,,,
Chair_252, [0.0932618,0.107422,-0.0202451,-0.0443687,0.216377, -0.765836],0.25,,,,,,,
Table_12, [-0.00390864,0.0122639,-0.0450072,-0.859676,0.251846, -1.30811],0.25,,,,,,,
Couch_280, [0.0736257,0.082775,0.0112821,0.0381656,0.0993956, -0.178948],0.25,,,,,,,
Dresser_186, [-0.0665718,0.200056,-0.0938147,-0.327702,0.218505, -0.780648],0.25,,,,,,,
Ship_5, [-0.0882334,0.103285,-0.104404,-0.179102,-0.018548, -0.695713],0.25,,,,,,,
Couch_135, [0.0703926,0.0946884,0.110586,0.0878278,-0.0700433, -0.22655],0.25,,,,,,,
Mug_97, [0.233519,0.0559695,0.0928518,-0.0759711,-0.113655, -0.139351],0.25,,,,,,,
FoodItem_57, [0.252477,0.136493,0.0582185,0.214581,-0.27952, -0.234503],0.25,,,,,,,
Candle_8, [0.0777799,0.312236,-0.0732079,0.263079,-0.177619, 0.581374],0.25,,,,,,,
DeskLamp_33, [0.0131523,0.163244,-0.0358227,0.457556,0.117523, 0.593313],0.25,,,,,,,
TV_41, [-0.0890471,0.243013,-0.0747012,0.22423,0.0564132, 0.0360105],0.25,,,,,,,
OfficeSideChair_10, [0.0574837,0.210908,-0.0969408,-0.178697,-0.149772, -0.949411],0.25,,,,,,,
Curtain_2, [-0.35974,0.468939,-0.160392,0.934799,-0.00571005, 1.17205],0.25,,,,,,,
Dresser_173, [0.129803,0.421517,-0.0201432,-0.287622,-0.412916, 0.218325],0.25,,,,,,,
Rug_28, [0.0737715,0.0370969,-0.0208379,0.15277,-0.0718751, 0.0425873],0.25,,,,,,,
Couch_341, [0.12571,0.122185,-0.0733241,0.549949,-0.0276162, 0.416195],0.25,,,,,,,
Speaker_32, [-0.282017,0.21698,-0.0383084,0.332275,-0.741843, 0.79138],0.25,,,,,,,
Desktop_66, [0.0791515,0.235864,-0.0264203,0.298845,0.450179, 0.605526],0.25,,,,,,,
OfficeChair, [0.0579391,0.0669101,-0.12513,0.395668,-0.0832796, 0.397939],0.25,,,,,,,
Plate_22, [0.265258,0.0666183,0.0540584,0.467693,-0.0910087, 0.375876],0.25,,,,,,,
Camera_49, [0.0201008,0.222235,-0.0734497,0.319969,0.120846, 0.318514],0.25,,,,,,,
Camera_34, [0.0807538,0.106696,0.0158103,0.0550514,0.0236542, 0.00713797],0.25,,,,,,,
MediaPlayer_47, [0.0695567,0.0836529,-0.0261167,0.254082,-0.0852868, 0.169259],0.25,,,,,,,
WallUnit_18, [0.0179104,0.0283857,-0.0101219,0.443455,-0.0218963, 0.510116],0.25,,,,,,,
Purse_4, [-0.370035,-0.230146,-0.208184,0.962234,-1.06042, 1.0129],0.25,,,,,,,
PottedPlant_71, [-0.0504154,0.13714,0.189484,0.208396,-0.0754499, -0.0474333],0.25,,,,,,,
Paper, [0.0807538,0.106696,0.0158103,0.0550514,0.0236542, 0.00713797],0,,,,,,,
Chair_296, [-0.084142,0.223164,0.0347862,-0.900787,-0.169352, -0.990627],0.25,,,,,,,
Chair_254, [-0.074054,0.102674,-0.0641272,-0.150249,0.364137, 0.274767],0.25,,,,,,,
Couch_287, [0.0963753,-0.0871243,0.0668238,-0.235144,0.234114, -0.412354],0.25,,,,,,,
PictureFrame_17, [0.0481503,0.197942,0.0161256,0.267606,0.640717, 0.290018],0.25,,,,,,,
Airplane_12, [0.129528,0.111722,-0.00471531,0.250923,-0.0189524, 0.263078],0.25,,,,,,,
Chair_60, [0.0728253,0.132955,-0.0550471,-0.282603,-0.0389238, -0.434252],0.25,,,,,,,
Desktop_60, [0.0661216,0.14097,0.0101604,0.083066,0.0526448, 0.107194],0.25,,,,,,,
Desk_14, [-0.0680877,0.153014,-0.00212698,-0.233761,0.0703172, -0.390132],0.25,,,,,,,
Printer_26, [0.031455,0.173492,0.109983,-0.509116,-0.119751, -0.512361],0.25,,,,,,,
Gun_38, [-0.0605187,0.248307,-0.0692777,0.0893523,0.035477, 0.112846],0.25,,,,,,,
Coin_10, [0.0807538,0.106696,0.0158103,0.0550514,0.0236542, 0.00713797],0.25,,,,,,,
LightSwitch_17, [0.0247573,0.0535557,-0.0120503,0.016406,-0.0637476, 0.0261447],0.25,,,,,,,
Poster_38, [-0.389774,0.541856,-0.412471,-0.883616,0.874774, -2.60002],0.25,,,,,,,
FoodItem_38, [0.278558,0.199506,0.210665,-0.479614,-0.409649, -0.221374],0.25,,,,,,,
Curtain_50, [-0.13545,0.211784,-0.16728,2.62563,0.33523, 4.28363],0.25,,,,,,,
ToyFigure_63, [0.0871805,0.1064,0.057642,0.239026,-0.229235, -0.135801],0.25,,,,,,,
Refrigerator_5, [-0.096247,0.176118,-0.0523161,-0.353491,0.171776, -0.641149],0.25,,,,,,,
Dog_9, [0.114032,0.121863,-0.043718,-0.257212,0.305461, -0.33831],0.25,,,,,,,
Curtain_55, [0.0723985,-0.0701198,0.100776,0.606626,-0.119892, 0.674688],0.25,,,,,,,
OfficeChair_56, [-0.0299129,0.200536,-0.00609779,0.160651,0.081986, 0.154573],0.25,,,,,,,
Bottle_27, [0.0847419,-0.0172998,0.213981,0.0373396,0.768152, 0.118983],0.25,,,,,,,
AccentChair_43, [0.0756842,0.128673,0.0853148,0.316198,-0.421125, 0.384879],0.25,,,,,,,
Pizza_12, [-0.0367952,0.21864,-0.0072687,0.336378,-0.0909063, 0.187909],0.25,,,,,,,
Pencil_43, [-0.04602,0.0159706,0.0641281,-0.964085,-0.325273, -0.626421],0.25,,,,,,,
SodaCan_6, [-0.00209683,0.135164,-0.0502298,0.0085006,0.075575, -0.16579],0.25,,,,,,,
FoodItem_14, [0.00792325,0.219777,-0.0603114,0.258534,0.0633832, 0.339718],0,,,,,,,
QueenBed_100, [0.137559,0.0339175,0.0229625,0.168648,-0.0442554, -0.0649703],0,,,,,,,
PersonStanding_57, [0.333891,-0.119048,0.301147,-0.131777,0.454089, -0.205612],0.25,,,,,,,
PianoKeyboard_27, [0.118698,0.286184,-0.123683,0.473901,0.0636521, 0.390026],0.25,,,,,,,
WallUnit_39, [0.0010431,0.156047,-0.0689443,0.151178,-0.0185865, -0.119126],0.25,,,,,,,
FloorLamp, [-0.415124,0.541568,-0.422555,-0.0469941,1.09896, -0.047128],0.25,,,,,,,
Laptop_103, [-0.0392018,0.033609,0.135812,0.198325,-0.236937, 0.205945],0.25,,,,,,,
CeilingLamp_54, [-0.143648,0.329743,0.00294512,0.226036,-0.115627, 0.638879],0.25,,,,,,,
PianoKeyboard_27, [0.105734,0.288383,-0.120411,0.501915,0.0695643, 0.440825],0.25,,,,,,,
Pan_2, [0.245625,0.0736276,0.0549181,0.438496,-0.0770895, 0.361582],0.25,,,,,,,
Plate_20, [0.0165768,0.0367415,-0.0806924,-0.0810912,-0.0996577, -0.114463],0.25,,,,,,,
DrinkingUtensil_11, [-0.041079,0.135509,0.0295655,0.0307518,0.199823, 0.241171],0.25,,,,,,,
Laptop_19, [0.0779643,0.131553,-0.0704366,0.292706,0.0181842, 0.307861],0.25,,,,,,,
DeskLamp_7, [0.046089,0.0299885,0.0551508,0.0130992,0.222712, -0.0368598],0.25,,,,,,,
Bear_15, [0.102878,0.0835745,-0.0214826,-0.64965,-0.120329, -0.624386],0.25,,,,,,,
Poster_36, [0.0651141,0.226455,-0.0299492,0.370896,-0.0163363, 0.548499],0.25,,,,,,,
TV_51, [-0.207619,0.417362,-0.144941,0.526996,0.178096, 0.938094],0.25,,,,,,,
DeskLamp_86, [0.0413377,0.175039,0.0150555,1.05684,0.0842703, 1.17254],0.25,,,,,,,
Nightstand_18, [-0.215276,0.238788,-0.169982,-0.025482,-0.0250195, -0.426764],0.25,,,,,,,
Hammer_21, [-0.0972755,0.0629223,0.109461,1.3645,0.0366901, 1.63005],0.25,,,,,,,
Couch_243, [0.0429286,0.141417,-0.0651925,-0.0246576,-0.00368772, -0.573534],0.25,,,,,,,
Painting_40, [0.0807538,0.106696,0.0158103,0.0550514,0.0236542, 0.00713797],0,,,,,,,
PersonStanding_11, [0.159079,-1.32943,-0.46028,0.45147,-0.107791, -0.76963],0,,,,,,,
Book_85, [0.135615,0.167752,-0.0457633,0.0623432,0.0100369, -0.043293],0.25,,,,,,,
Vase_118, [-0.017115,0.0503327,0.0229989,-0.341295,-0.00256714, -0.599435],0.25,,,,,,,
PianoKeyboard_13, [0.0509003,0.048519,-0.0354495,0.523597,-0.117586, 0.401944],0.25,,,,,,,
Barstool_39, [0.00224877,-0.0332384,0.113533,0.466755,-0.0467563, 0.402603],0.25,,,,,,,
LightSwitch_15, [0.0335358,0.0257415,-0.00561466,-0.126021,0.446871, -0.12122],0,,,,,,,
Bathtub_3, [0.126323,0.197549,0.127309,0.376314,-0.287485, 0.380037],0.25,,,,,,,
Chair_18, [0.0220521,0.191437,-0.0867603,-0.0211885,-0.181076, -0.534864],0.25,,,,,,,
Plate_34, [-0.0406145,0.110196,-0.0101741,0.186292,0.315975, 0.49817],0.25,,,,,,,
EndTable_89, [0.00992425,-0.0927727,-0.130785,0.0620897,-0.0901346, -0.261074],0.25,,,,,,,
Book_61, [-0.043994,0.138774,0.0204785,0.420591,0.0641293, 0.307343],0.25,,,,,,,
SodaCan_30, [-0.0569297,0.223338,0.111932,-0.219739,0.127184, 0.137294],0.25,,,,,,,
WallLamp_56, [0.0320228,0.363584,-0.117051,0.775077,0.328085, 1.06204],0.25,,,,,,,
Table_18, [0.0421789,0.375314,-0.0473279,0.464168,0.287757, 0.170461],0.25,,,,,,,
0,,,,,,,,,,,,,,
WallClock, [-0.00553844,-0.228104,0.194506,-1.46916,0.65657, -1.70021],0.25,,,,,,,
Headphones_24, [0.239291,0.556239,-0.190787,0.627404,0.510152, 1.2145],0.25,,,,,,,
LoftBed_20, [-0.0452221,0.156108,-0.0625266,-0.321436,0.09765, -0.676526],0.25,,,,,,,
Painting_18, [-0.0458597,0.157606,-0.0256026,-0.00700647,-0.01459, -0.102101],0.25,,,,,,,
Car_12, [0.0410163,0.125886,-0.0328745,0.27524,0.0423089, 0.271077],0.25,,,,,,,
Speaker_71, [0.554354,0.468121,-0.0363398,0.649527,0.139881, 1.18942],0.25,,,,,,,
FloorLamp_20, [-0.106028,-0.889291,-0.439959,1.02374,-0.687792, 0.780501],0.25,,,,,,,
DiningTable_89, [0.0488283,0.0926668,-0.121909,0.349355,-0.0523187, 0.237337],0.25,,,,,,,
Coaster, [0.00964146,0.141388,-0.0177081,0.220587,0.231981, 0.527932],0.25,,,,,,,
TV_126, [-0.0303886,0.116275,-0.0269851,-0.368488,-0.03178, -0.378149],0.25,,,,,,,
0,,,,,,,,,,,,,,
WallArt_22, [0.0205185,0.523603,-0.0353858,-0.644605,0.154926, -1.18895],0.25,,,,,,,
WineBottle_4, [-0.0168482,0.0870383,0.23264,-0.931668,0.167206, -0.899927],0.25,,,,,,,
Oven_21, [-0.0226084,0.139205,-0.034302,-0.189719,0.0561647, -0.592237],0.25,,,,,,,
0,,,,,,,,,,,,,,
Laptop_159, [0.185688,0.334853,-0.00513477,0.523929,-0.311933, 0.331468],0.25,,,,,,,
0,,,,,,,,,,,,,,
RoundTable_17, [0.187607,0.321656,-0.140452,-0.327551,-0.464553, -0.292605],0.25,,,,,,,
0,,,,,,,,,,,,,,
QueenBed_55, [0.140467,0.293134,0.135263,-0.379844,-0.244578, -0.538985],0.25,,,,,,,
0,,,,,,,,,,,,,,
Refrigerator_8, [0.118805,0.283187,-0.0272822,0.476504,-0.0946275, 0.633184],0.25,,,,,,,
Poster_31, [-0.130186,0.221553,0.00748219,-0.198335,0.071146, -0.324109],0.25,,,,,,,
Spoon_9, [0.294294,0.245902,0.033483,0.326855,0.085908, -0.348909],0.25,,,,,,,
Car_7, [0.0439737,0.156342,0.0224692,-0.00570467,-0.149244, -0.17497],0.25,,,,,,,
0,,,,,,,,,,,,,,
CoffeeTable_79, [0.190595,0.233324,0.0329369,0.137894,-0.245445, -0.536483],0.25,,,,,,,
CellPhone_96, [-0.0534584,0.228142,-0.0354288,0.126578,0.0733276, 0.186551],0.25,,,,,,,
0,,,,,,,,,,,,,,
DiningTable_21, [-0.00669681,0.182759,0.0215271,-0.241371,0.0732145, -0.39753],0.25,,,,,,,
0,,,,,,,,,,,,,,
MediaChest, [-0.0521812,0.270451,0.0519235,0.380599,-0.651146, 0.975164],0.25,,,,,,,
0,,,,,,,,,,,,,,
ToyFigure_45, [-0.0404805,0.0547658,-0.0491981,-0.0566213,0.272634, 0.250418],0.25,,,,,,,
0,,,,,,,,,,,,,,
Tank_4, [0.0213104,0.0676749,0.035667,-0.451123,-0.0758624, -0.314245],0.25,,,,,,,
0,,,,,,,,,,,,,,
CeilingFan_8, [0.0136428,-0.036157,-0.0148538,0.403307,0.264516, 0.703782],0.25,,,,,,,
0,,,,,,,,,,,,,,
Bucket_4, [0.22334,0.159206,0.138332,0.488018,-0.23551, 0.560649],0,,,,,,,
Shirt_13, [0.00571915,0.239392,-0.0831503,0.287557,0.0588834, 0.394439],0.25,,,,,,,
0,,,,,,,,,,,,,,
Xbox360_6, [0.133842,0.177752,-0.0890674,0.271781,-0.0276053, 0.16992],0.25,,,,,,,
Teapot_12, [-0.0372737,0.262889,-0.0367323,0.130693,0.117677, 0.308904],0.25,,,,,,,
0,,,,,,,,,,,,,,
Book_72, [-0.0821925,0.0975528,-0.0441493,0.196465,-0.284018, 0.248701],0.25,,,,,,,
0,,,,,,,,,,,,,,
FloorLamp_70, [0.0150404,0.195639,0.197244,0.596346,0.150708, 0.498654],0.25,,,,,,,
0,,,,,,,,,,,,,,
DresserWithMirror_17, [0.0807538,0.106696,0.0158103,0.0550514,0.0236542, 0.00713797],0.5,,,,,,,
0,,,,,,,,,,,,,,
Oven_7, [-0.0257347,0.0714362,0.0482157,0.186769,0.141016, 0.0558575],0.25,,,,,,,
SideChair_47, [0.0474588,0.175269,-0.0763799,0.0486058,0.330425, -0.480676],0.25,,,,,,,
0,,,,,,,,,,,,,,
Laptop_63, [0.12488,-0.0210578,-0.00629397,0.649953,-0.275159, 0.356565],0.25,,,,,,,
0,,,,,,,,,,,,,,
Chair_174, [0.117403,0.180437,-0.0121144,0.330857,0.0724414, 0.538486],0.25,,,,,,,
0,,,,,,,,,,,,,,
Curtain_23, [0.17984,0.00577602,0.0776498,0.374734,-0.0346701, 0.220953],0.25,,,,,,,
Chair_172, [-0.0120995,0.0589589,0.018477,0.175235,0.142848, -0.384956],0.25,,,,,,,
0,,,,,,,,,,,,,,
EndTable_56, [0.0812342,0.0356352,-0.0195643,0.265276,-0.100807, 0.0770904],0.25,,,,,,,
0,,,,,,,,,,,,,,
CellPhone_74, [0.0838297,0.0764195,-0.00279067,0.163457,-0.0135569, 0.105567],0.25,,,,,,,
Guitar_42, [0.0489668,0.0724588,-0.111316,0.141321,0.0726318, -0.0752718],0.25,,,,,,,
0,,,,,,,,,,,,,,
Couch_383, [0.0858407,-0.0364974,0.0878293,-0.0369957,0.0593926, -0.156262],0.25,,,,,,,
Book_28, [0.0496788,-0.0179778,-0.0250613,-0.0493136,0.227412, -0.250115],0.25,,,,,,,
0,,,,,,,,,,,,,,
Pencil_4, [0.0674936,0.0809726,0.0156715,0.0683342,0.00951433, -0.00576707],0.25,,,,,,,
Desk_85, [-0.0241495,0.214356,-0.053679,-0.33927,0.0198718, -0.902353],0.25,,,,,,,
0,,,,,,,,,,,,,,
Desk_64, [0.0752248,0.42962,0.131814,0.748535,-0.387729, 0.675719],0.25,,,,,,,
0,,,,,,,,,,,,,,
Barstool_31, [0.0575401,0.0116532,-0.0330273,0.875348,-0.354082, 0.781902],0.25,,,,,,,
0,,,,,,,,,,,,,,
Bowl_14, [0.0181764,0.119821,0.00415481,0.632482,-0.00929187, 0.726854],0.25,,,,,,,
Poster_10, [0.00564623,0.221865,-0.0566368,0.263673,0.0654619, 0.347521],0,,,,,,,
LightSwitch_17, [0.0249775,0.0526692,-0.0117273,0.0124054,-0.0635997, 0.0210418],0.25,,,,,,,
0,,,,,,,,,,,,,,
Chair_296, [-0.0842949,0.223703,0.0343637,-0.901417,-0.169743, -0.993904],0.25,,,,,,,
0,,,,,,,,,,,,,,
Nightstand_21, [0.0907925,-0.0215368,-0.0464368,0.167826,-0.189741, 0.137136],0.25,,,,,,,
Chair_115, [0.00444498,0.109224,0.045466,0.089848,0.0693347, -0.0755601],0.25,,,,,,,
0,,,,,,,,,,,,,,
Sandwich_9, [0.109001,0.0643617,-0.0255503,0.103113,0.136943, 0.0690952],0.25,,,,,,,
0,,,,,,,,,,,,,,
Vase_152, [0.0195148,0.0976824,0.131881,-0.592114,0.0205068, -0.564751],0.25,,,,,,,
0,,,,,,,,,,,,,,
Armoire_23, [0.0560706,0.0256215,0.0365913,-0.0155957,0.127525, -0.385992],0.25,,,,,,,
0,,,,,,,,,,,,,,
AccentTable_44, [0.0503807,-0.0284224,0.0976273,-0.0341551,0.590713, 0.220087],0.25,,,,,,,
0,,,,,,,,,,,,,,
Cabinet_33, [0.346486,0.591133,0.140961,0.535366,-0.186039, -0.226256],0.25,,,,,,,
FoodItem_45, [-0.0210502,0.101886,0.0748813,0.00292768,-0.0833661, -0.0932892],0.25,,,,,,,
0,,,,,,,,,,,,,,
OfficeSideChair_38, [0.178593,0.354075,-0.0924528,0.249765,0.163467, -0.347656],0.25,,,,,,,
Chair_251, [-0.0312797,0.256181,-0.0784073,0.471258,0.110858, 0.677716],0.25,,,,,,,
0,,,,,,,,,,,,,,
Xbox360_6, [0.0893476,0.16377,-0.0467549,0.455958,-0.0826008, 0.393052],0.25,,,,,,,
0,,,,,,,,,,,,,,
Desktop_73, [0.186418,0.203386,0.0224948,-0.0381326,0.485521, -0.0939569],0.25,,,,,,,
0,,,,,,,,,,,,,,
OfficeSideChair_27, [-0.0180304,-0.27803,-0.200987,0.0852061,-0.263467, -0.25098],0.25,,,,,,,
Monitor_45, [-0.0461596,0.132754,-0.0255601,-0.13371,0.169254, -0.297594],0.25,,,,,,,
0,,,,,,,,,,,,,,
TV_204, [0.105558,0.0795254,-0.010553,0.128055,-0.0446321, 0.0380508],0.25,,,,,,,
Teacup_11, [0.033545,0.198789,-0.16524,0.540717,-0.314506, 0.512633],0.25,,,,,,,
0,,,,,,,,,,,,,,
Laptop_86, [0.0398031,0.0102925,0.0510862,-0.165013,-0.0147584, -0.13409],0.25,,,,,,,
Desktop_46, [0.066743,0.291921,-0.174034,0.432178,0.0971088, 0.507198],0.25,,,,,,,
0,,,,,,,,,,,,,,
Loveseat_12, [0.0288982,0.0554214,-0.0353732,-0.019089,-0.0312716, 0.133352],0.25,,,,,,,
ChestOfDrawers_82, [0.00566434,0.288361,-0.168911,0.253379,0.113055, 0.267597],0.25,,,,,,,
0,,,,,,,,,,,,,,
Laptop_128, [0.352121,0.209261,-0.0841096,0.678381,-0.0862298, 0.0248072],0.25,,,,,,,
Laptop_149, [-0.0192707,0.0392243,-0.148173,-0.228052,0.269765, -0.423138],0.25,,,,,,,
0,,,,,,,,,,,,,,
RoundBed, [-0.00555411,-0.10213,-0.00876384,-0.118158,0.371762, -0.0035128],0.25,,,,,,,
AccentTable_37, [0.0116055,0.220908,-0.0584134,0.25904,0.0558502, 0.356391],0.25,,,,,,,
0,,,,,,,,,,,,,,
Toilet_25, [0.15646,0.129449,-0.0503029,0.387629,-0.0847815, 0.153532],0.25,,,,,,,
0,,,,,,,,,,,,,,
Couch_348, [0.316011,0.0898331,0.0993116,0.579465,-0.205307, 0.432067],0.25,,,,,,,
EndTable_41, [0.00159111,0.157386,0.046092,-0.045652,0.254395, -0.355192],0.25,,,,,,,
0,,,,,,,,,,,,,,
Whiteboard, [0.304123,-0.225705,1.59697,-2.24726,-0.730848, 0.728351],0.25,,,,,,,
0,,,,,,,,,,,,,,
CoffeeTable_20, [-0.110153,0.361396,0.1095,0.63175,-0.68266, 0.822811],0.25,,,,,,,
FoodItem_41, [-0.053748,0.322523,-0.0703077,0.286125,0.128002, 0.484099],0.25,,,,,,,
0,,,,,,,,,,,,,,
Laptop_123, [0.0634881,0.14486,-0.0524063,0.311034,-0.0374602, 0.336825],0.25,,,,,,,
Vase_51, [0.102229,0.277986,-0.131417,0.490589,0.0351575, 0.659445],0.25,,,,,,,
0,,,,,,,,,,,,,,
Desk_161, [0.0475615,0.0525908,0.168422,-0.528213,-0.0814316, -0.344205],0.25,,,,,,,
DoubleBed_4, [-0.0320893,0.102005,-0.0174398,-0.204059,0.0765226, -0.4038],0.25,,,,,,,
0,,,,,,,,,,,,,,
FloorLamp_87, [-1.02864,0.577024,-0.406982,1.37781,-1.47855, 3.1361],0.25,,,,,,,
0,,,,,,,,,,,,,,
4Shelves_22, [0.00369527,-0.0771977,0.049242,-0.286396,0.719654, -0.322531],0.25,,,,,,,
Knife_46, [-0.0730375,0.157689,0.0396456,0.187693,0.0418912, 0.126523],0.25,,,,,,,
0,,,,,,,,,,,,,,
PottedPlant_50, [-0.166548,0.15267,0.0798391,0.421487,0.180437, 0.781448],0.25,,,,,,,
0,,,,,,,,,,,,,,
Book_4, [0.189179,0.423953,-0.0297956,0.761876,0.147383, 1.13589],0.25,,,,,,,
Chair_108, [-0.0385375,0.248604,-0.0472876,0.336708,-0.0314711, 0.392886],0.25,,,,,,,
0,,,,,,,,,,,,,,
Curtain_30, [0.150867,0.123219,-0.0741106,0.250844,-0.0384648, 0.0852422],0.25,,,,,,,
CellPhone_33, [0.00651167,0.106362,0.0830912,0.890839,0.497698, 1.54605],0.25,,,,,,,
0,,,,,,,,,,,,,,
EndTable_27, [0.17688,0.00745771,0.0180411,-0.0202023,0.399513, -0.315024],0.25,,,,,,,
0,,,,,,,,,,,,,,
Sink_18, [0.0461072,0.13725,-0.100561,0.410335,0.00815706, 0.469717],0.25,,,,,,,
0,,,,,,,,,,,,,,
Plate_11, [0.109119,-0.0241817,-0.00910005,0.252553,-0.0635539, -0.01051],0.25,,,,,,,
ChestOfDrawers, [-0.0732878,0.12309,-0.0128049,-0.343981,0.0852225, -0.593577],0.25,,,,,,,
0,,,,,,,,,,,,,,
Desk_69, [-0.109118,0.253081,-0.259737,0.543712,-0.107338, 0.349153],0.25,,,,,,,
0,,,,,,,,,,,,,,
Pan_30, [0.144836,0.0228013,0.0779819,0.258343,0.0109486, 0.117655],0.25,,,,,,,
0,,,,,,,,,,,,,,
Pillow_14, [0.0460879,0.0979747,0.0606414,0.0825099,0.0086926, -0.113239],0.25,,,,,,,
0,,,,,,,,,,,,,,
CellPhone_121, [-0.150803,0.131259,0.0206777,-1.01453,0.101735, -0.85608],0.25,,,,,,,
,,,,,,,,,,,,,,
TV_185, [0.0807538,0.106696,0.0158103,0.0550514,0.0236542, 0.00713797],0.25,,,,,,,
CellPhone_122, [0.0341914,0.402744,-0.151349,0.370431,-0.00947999, 0.618262],0.25,,,,,,,
0,,,,,,,,,,,,,,
Dresser_140, [0.0275489,0.0287398,-0.0296888,0.1762,0.0681702, -0.209462],0.25,,,,,,,
0,,,,,,,,,,,,,,
Couch_71, [0.0680661,0.311012,-0.0561972,-0.187548,0.0195966, -0.471496],0.25,,,,,,,
Bench_84, [-0.0217907,0.138791,0.0240684,0.0838261,0.010109, 0.0578109],0.25,,,,,,,
0,,,,,,,,,,,,,,
PottedPlant_98, [0.149283,0.831361,-0.278271,0.244737,-0.35017, -0.938316],0.25,,,,,,,
0,,,,,,,,,,,,,,
CoatRack_16, [0.00238073,-0.0982041,0.524593,-0.867819,-0.0512294, -0.524243],0.25,,,,,,,
0,,,,,,,,,,,,,,
MediaPlayer_47, [0.0578706,0.091478,-0.0214846,0.223104,-0.0750629, 0.160254],0.25,,,,,,,
0,,,,,,,,,,,,,,
Barstool_65, [0.0807538,0.106696,0.0158103,0.0550514,0.0236542, 0.00713797], Sideboard_21, [0.0486367,0.0817716,-0.0383803,0.790713,-0.140619, 0.762605],0.25
0,,,,,,,,,,,,,,
WallUnit_48, [0.27111,0.0652785,0.0524037,0.242248,0.360555, -0.443817],0.25,,,,,,,
0,,,,,,,,,,,,,,
QueenBed_4, [-0.0669831,0.0839287,-0.101058,0.251874,-0.163895, -0.160865],0.25,,,,,,,
0,,,,,,,,,,,,,,
Stool_20, [0.0468579,-0.0452954,-0.07961,1.20374,-0.173163, 1.94489],0.25,,,,,,,
0,,,,,,,,,,,,,,
Desk_93, [0.103813,0.225417,-0.0686847,0.57475,5.85169E-05, 0.515975],0.25,,,,,,,
0,,,,,,,,,,,,,,
Couch_80, [0.0544863,0.0390089,-0.028996,0.611999,-0.14544, 0.50399],0.25,,,,,,,
Chaise_23, [0.094089,0.0304771,0.0336732,0.132572,0.0366376, -0.24982],0.25,,,,,,,
0,,,,,,,,,,,,,,
SideChair_35, [0.099185,0.155952,-0.0385307,-0.092299,-0.0754631, -0.569663],0.25,,,,,,,
0,,,,,,,,,,,,,,
Piano_39, [-0.0914328,0.276712,0.021863,0.347901,0.280057, 0.638443],0.25,,,,,,,
0,,,,,,,,,,,,,,
PianoKeyboard_28, [0.0799574,0.037728,-0.0506704,0.493926,-0.138302, 0.329092],0.25,,,,,,,
0,,,,,,,,,,,,,,
Mug_59, [-0.170926,0.00885064,-0.00160955,0.40724,0.339931, 1.39459],0.25,,,,,,,
0,,,,,,,,,,,,,,
Laptop_84, [0.134027,0.00870417,0.0246008,0.402362,-0.159877, 0.104587],0.25,,,,,,,
0,,,,,,,,,,,,,,
Fork_4, [0.273759,0.0425397,-0.219658,-0.728762,-0.152091, -0.215227],0.25,,,,,,,
0,,,,,,,,,,,,,,
Desktop_56, [0.263148,0.272795,0.110268,0.437099,-0.107692, 0.758066],0.25,,,,,,,
0,,,,,,,,,,,,,,
WallUnit_23, [-0.0318895,0.0882601,0.0227175,-0.15021,-0.0783541, -0.281537],0.25,,,,,,,
0,,,,,,,,,,,,,,
LampPost_15, [0.172117,-0.0585986,-0.117827,-0.859977,-0.412089, -0.558578],0.25,,,,,,,
0,,,,,,,,,,,,,,
TV_53, [0.0438103,0.130264,0.00649357,0.0694003,0.0414608, 0.0314276],0.25,,,,,,,
0,,,,,,,,,,,,,,
OfficeSideChair_17, [0.226095,0.0915628,-0.105771,0.775205,-0.278996, 0.606398],0.25,,,,,,,
0,,,,,,,,,,,,,,
Shower_3, [-0.111953,-0.0385902,-0.0589304,-0.147329,0.42039, 0.0710089],0.25,,,,,,,
0,,,,,,,,,,,,,,
Plant_51, [-0.237264,0.363295,0.0698201,1.57356,0.206543, 2.30158],0.25,,,,,,,
0,,,,,,,,,,,,,,
PictureFrame_8, [0.0807538,0.106696,0.0158103,0.0550514,0.0236542, 0.00713797], RoundTable_15, [0.204903,0.158477,0.0102992,0.255003,-0.21318, -0.392565],0.25
0,,,,,,,,,,,,,,
Dresser_65, [-0.00837262,0.0993734,-0.0786632,-0.0993109,0.104123, -0.352619],0.25,,,,,,,
0,,,,,,,,,,,,,,
AccentTable_19, [0.124603,0.0533072,-0.00946486,0.0991271,0.188239, -0.0520805],0.25,,,,,,,
0,,,,,,,,,,,,,,
Mattress_19, [0.175581,0.0798488,-0.0377987,0.218339,0.106761, 0.0157142], Refrigerator_61, [0.350041,0.362589,0.104724,1.02855,-0.061434, 0.994548],0
0,,,,,,,,,,,,,,
CeilingLamp_46, [0.299241,0.537991,-0.185642,0.785762,0.161789, 1.05011],0.25,,,,,,,
0,,,,,,,,,,,,,,
Laptop_173, [0.107217,0.188411,-0.12006,0.131635,-0.578093, -0.0214684],0.25,,,,,,,
0,,,,,,,,,,,,,,
AccentChair_14, [-0.0137954,0.16504,-0.0541255,0.242113,0.269801, 0.226235],0.25,,,,,,,
0,,,,,,,,,,,,,,
Chair_266, [-0.228463,0.633676,-0.183455,0.38168,0.00592686, 0.672016],0.25,,,,,,,
0,,,,,,,,,,,,,,
Eraser, [0.126472,-0.0337817,0.0561488,0.0507407,0.199155, -0.436689],0.25,,,,,,,
Hammer_11, [-0.0821511,0.264751,-0.0179655,0.27237,0.0850201, 0.388676],0.25,,,,,,,
0,,,,,,,,,,,,,,
SodaCan_3, [0.0215231,0.269908,-0.135911,0.0833549,0.155557, 0.166223],0.25,,,,,,,
0,,,,,,,,,,,,,,
Gun_11, [0.0854434,0.224702,0.0099949,0.219065,0.218851, 0.50114],0.25,,,,,,,
0,,,,,,,,,,,,,,
OfficeChair_3, [0.0836557,0.418191,-0.00471269,0.277777,0.277638, 0.988296],0.25,,,,,,,
0,,,,,,,,,,,,,,
SideChair_60, [0.0807538,0.106696,0.0158103,0.0550514,0.0236542, 0.00713797],0,,,,,,,
Monitor_65, [0.159338,0.260139,-0.00649371,-0.011213,-0.118833, 0.0854406],0.25,,,,,,,
0,,,,,,,,,,,,,,
Gun_31, [-0.172529,0.0660182,-0.18657,-0.212569,0.782317, -0.530077], SodaCan_29, [0.153015,0.0426694,0.220468,0.0412504,0.331904, 0.0484868],0.25
0,,,,,,,,,,,,,,
ToiletPaper_16, [0.0735179,0.399608,-0.0495575,0.130769,-0.200501, 0.236787],0.25,,,,,,,
0,,,,,,,,,,,,,,
5Shelves_10, [0.0675379,0.047353,-0.0110742,0.0172003,-0.191193, -0.0144651],0.25,,,,,,,
0,,,,,,,,,,,,,,
Chair_156, [0.0940317,0.0267599,-0.108658,0.730524,-0.371435, 0.786566], Horse_20, [0.0807538,0.106696,0.0158103,0.0550514,0.0236542, 0.00713797],0.25
0,,,,,,,,,,,,,,
Chaise_3, [0.0655026,0.135826,-0.0181476,0.38745,-0.0626992, 0.61382],0.25,,,,,,,
0,,,,,,,,,,,,,,
TrashBin_108, [0.102754,0.149325,0.0293915,-0.30007,0.0731673, -0.0555608],0.25,,,,,,,
0,,,,,,,,,,,,,,
Lamp_16, [0.0807538,0.106696,0.0158103,0.0550514,0.0236542, 0.00713797],0,,,,,,,
EndTable_52, [-0.00330042,0.0658696,-0.0540816,-0.0693147,0.154158, -0.254215],0.25,,,,,,,
0,,,,,,,,,,,,,,
SideChair_46, [0.169141,0.132348,0.0199808,0.698037,-0.286246, 0.478903], Curtain_48, [0.117194,0.210272,0.115612,0.274842,0.246145, 0.0763339],0.25
0,,,,,,,,,,,,,,
Couch_96, [-0.00888548,0.0822307,0.00255437,-0.129319,-0.0736981, -0.126726], Couch_332, [0.186,0.237071,-0.0710608,0.0206136,-0.00102671, -0.191223],0.25
0,,,,,,,,,,,,,,
Armoire_71, [0.00485055,0.064626,-0.0200189,-0.105907,0.000664924, -0.0948044],0.25,,,,,,,
0,,,,,,,,,,,,,,
Cabinet_86, [-0.027091,0.536137,-0.301412,0.697014,0.0560374, 0.759758],0.25,,,,,,,
0,,,,,,,,,,,,,,
5Shelves_11, [0.0283253,0.377075,-0.196766,0.350856,0.277345, 0.0190096], Books_2, [0.0938861,0.111657,0.0143572,0.0955913,0.0156051, 0.0577232],0.25
0,,,,,,,,,,,,,,
DeskLamp_75, [-0.376763,0.191794,-0.0602964,0.656997,0.876902, 2.49837], Oven_13, [-0.0908847,0.213989,-0.150687,0.658883,0.152843, 1.39872],0
Books_15, [0.0120707,0.122489,-0.0419742,-0.121073,0.0298838, -0.305309],0.25,,,,,,,
0,,,,,,,,,,,,,,
Rug_7, [0.0599198,0.100551,-0.0180858,0.149265,-0.0265228, 0.0579428],0.25,,,,,,,
0,,,,,,,,,,,,,,
MediaPlayer_62, [0.0145217,0.0969997,-0.054447,-0.105052,0.00533018, -0.317787],0.25,,,,,,,
0,,,,,,,,,,,,,,
Armoire_7, [0.0594735,0.155529,-0.145501,0.147894,-0.230166, -0.00246869],0.25,,,,,,,
0,,,,,,,,,,,,,,
PictureFrame_19, [0.0701205,0.112863,0.0830521,0.218065,0.121882, 0.0134469],0.25,,,,,,,
0,,,,,,,,,,,,,,
QueenBed_87, [-0.0560475,0.0381836,0.0275329,-0.216509,-0.111537, -0.136841], PS2_2, [0.166832,0.0588982,-0.0003477,0.0459052,0.200932, -0.225557],0.25
0,,,,,,,,,,,,,,
FoodItem_11, [0.0307279,0.246249,0.0463065,0.544957,0.116962, 0.94167],0.25,,,,,,,
0,,,,,,,,,,,,,,
MediaPlayer_59, [0.0825646,0.141803,-0.101631,0.455183,-0.0725502, 0.377522],0.25,,,,,,,
0,,,,,,,,,,,,,,
DiningTable_85, [0.0316773,0.114737,0.0151828,-0.38302,0.0486574, -0.792182],0.25,,,,,,,
0,,,,,,,,,,,,,,
LightSwitch_23, [0.0984115,0.120403,-0.0895318,0.43088,-0.0198402, 0.491041], Piano_26, [0.00455547,0.150092,-0.0680648,0.522038,0.118875, 0.780458],0.25
0,,,,,,,,,,,,,,
TV_216, [-0.00782011,0.126008,-0.040279,-0.288901,0.0534548, -0.702067],0.25,,,,,,,
0,,,,,,,,,,,,,,
CellPhone_103, [0.225658,0.210885,0.0808522,0.198512,0.0762952, 0.766245],0.25,,,,,,,
0,,,,,,,,,,,,,,
TableClock_21, [0.0573437,0.0881633,0.106559,0.196609,-0.0261071, -0.0267612],0.25,,,,,,,
0,,,,,,,,,,,,,,
Rack_8, [0.0312193,0.447569,0.0285676,0.269123,-0.23127, 0.163063],0.25,,,,,,,
0,,,,,,,,,,,,,,
0.25,,,,,,,,,,,,,,
Vase_112, [0.013172,0.131635,0.402552,1.04614,-0.0644006, 0.842911], MediaDiscs_11, [0.0593635,0.142055,0.11052,0.494027,-0.0522729, 0.331489],0.25
0,,,,,,,,,,,,,,
Laptop_164, [-0.0498862,0.137006,0.00676186,-0.178008,0.0791002, -0.414401],0.25,,,,,,,
0,,,,,,,,,,,,,,
OfficeChair_59, [0.171867,0.0937738,-0.0193922,0.0497264,-0.0597091, -0.22826],0.25,,,,,,,
0,,,,,,,,,,,,,,
Oven_19, [0.157771,-0.12549,0.185376,0.305087,-0.245372, 0.601532],0.25,,,,,,,
0,,,,,,,,,,,,,,
WineRack_5, [0.277986,0.895879,-0.53045,2.5629,-1.29829, 2.07298], Guitar_45, [0.113742,0.310163,-0.0487595,3.61503,0.404318, 5.51854],0.25
0,,,,,,,,,,,,,,
ToyFigure_58, [0.121495,-0.0258401,-0.0316627,0.495049,-0.268542, 0.280586], OfficeChair_108, [0.0105325,0.0538088,-0.0570892,0.691599,0.125736, 0.76474],0.25
0,,,,,,,,,,,,,,
Desk_128, [0.0231201,0.106522,-0.0243789,-0.0159314,-0.00113076, -0.108306],0.25,,,,,,,
0,,,,,,,,,,,,,,
CellPhone_65, [-0.0878858,0.117057,-0.152194,-0.0443004,-0.0621702, -0.390228], DiningTable, [0.0578958,0.0247911,0.186578,-0.349579,-0.02838, -0.0226183],0.25
0,,,,,,,,,,,,,,
WallClock_7, [0.0905224,-0.103296,-0.121193,0.0912511,0.790467, -1.03958],0.25,,,,,,,
0,,,,,,,,,,,,,,
FloorLamp_46, [-0.117851,0.127539,-0.00505443,-1.19404,0.253631, -0.971157],0.25,,,,,,,
0,,,,,,,,,,,,,,
Cabinet_111, [0.0956826,0.667548,0.0884224,0.378637,-0.589056, 0.605299],0.25,,,,,,,
0,,,,,,,,,,,,,,
4Shelves_23, [0.032161,-0.0654143,0.0223003,0.873913,-0.15362, 0.777972], Picture_30, [-0.183079,0.26489,-0.0567772,-0.704593,0.373966, -1.48226],0.25
0,,,,,,,,,,,,,,
EndTable_65, [0.109791,0.156453,-0.103404,-0.347752,-0.0965484, -1.12443],0.25,,,,,,,
0,,,,,,,,,,,,,,
CeilingLamp_8, [-0.13819,-0.344735,0.154,-0.159839,0.513138, -0.732515],0,,,,,,,
0,,,,,,,,,,,,,,
Dresser_193, [-0.0968711,-0.027802,-0.031934,-0.515467,0.40629, -0.390577],0.25,,,,,,,
0,,,,,,,,,,,,,,
NintendoDS_20, [0.065555,0.209105,0.158033,-0.54005,-0.170437, -0.490978], Refrigerator_48, [0.0128641,0.0512477,-0.00796184,0.0135949,-0.0378406, 0.0235301],0.25
0,,,,,,,,,,,,,,
Candle_40, [0.0741372,0.170125,0.0893628,0.108408,0.390908, 0.491053], ToyFigure_80, [-0.120024,0.34526,-0.0941632,0.257577,-0.195261, 0.323884],0.25
0,,,,,,,,,,,,,,
Desktop_41, [0.0902121,0.151865,-0.00599399,0.309428,-0.0414762, 0.174873], Copier_4, [-0.0460735,0.163138,-0.0611011,0.0161173,0.347751, -0.222826],0.25
0,,,,,,,,,,,,,,
WallLamp_45, [0.0807538,0.106696,0.0158103,0.0550514,0.0236542, 0.00713797],0.25,,,,,,,
0,,,,,,,,,,,,,,
Chair_180, [-0.31112,0.131118,-0.110609,0.183649,0.765015, 1.38531], Printer_20, [0.0488213,0.16662,0.0179528,-0.10354,0.107762, -0.441642],0.25
0,,,,,,,,,,,,,,
OfficeChair_107, [-0.134967,-0.00643048,-0.132149,-0.125896,0.117865, -0.0124174], Desktop_2, [-0.0284215,0.112185,-0.0444519,-0.145362,0.132228, -0.372827],0.25
0,,,,,,,,,,,,,,
Stapler_6, [0.0807538,0.106696,0.0158103,0.0550514,0.0236542, 0.00713797],0,,,,,,,
Chair_55, [0.07462,0.0325789,-0.0062316,0.189017,-0.0293552, 0.128516],0.25,,,,,,,
0,,,,,,,,,,,,,,
Speaker_71, [0.565694,0.476169,-0.0365562,0.674029,0.140214, 1.21336], Couch_205, ,,,,,,
