Type of Object,Grasp,Success 1,Success 2,Success 3,Average
Bench,"[0.02247612, 0.15126315, -0.00284535, 0.11772227, 0.1256676, 0.03606809]",0.7753590024921063,0.9593130890925623,0.5265802320242136,0.753750774536294
Banana,"[0.02247612, 0.15126315, -0.00284535, 0.11772227, 0.1256676, 0.03606809]",0.303420374706431,0.38255420662574247,0.7708411548301498,0.4856052453874411
Credenza,"[0.02247612, 0.15126315, -0.00284535, 0.11772227, 0.1256676, 0.03606809]",0.7303904150128063,0.18425757487822503,0.461453742165987,0.45870057735233943
OfficeChair,"[0.02247612, 0.15126315, -0.00284535, 0.11772227, 0.1256676, 0.03606809]",0.8993053700219031,0.6497021611658188,0.12998958488426893,0.5596657053573303
MediaDiscs,"[0.02247612, 0.15126315, -0.00284535, 0.11772227, 0.1256676, 0.03606809]",0.03184567503754465,0.48160045003150553,0.5640531871961518,0.35916643742173404
Marker,"[0.02247612, 0.15126315, -0.00284535, 0.11772227, 0.1256676, 0.03606809]",0.31131351141754404,0.45739218919602975,0.29444908227367517,0.35438492762908297
Cookie,"[0.02247612, 0.15126315, -0.00284535, 0.11772227, 0.1256676, 0.03606809]",0.41467814681476634,0.14317352328094202,0.6544331536882104,0.40409494126130624
PianoKeyboard,"[0.02247612, 0.15126315, -0.00284535, 0.11772227, 0.1256676, 0.03606809]",0.44581204625552806,0.9817827338398213,0.5893499660657509,0.6723149153870334
TapeMeasure,"[0.02247612, 0.15126315, -0.00284535, 0.11772227, 0.1256676, 0.03606809]",0.0808553233124395,0.7739985429173836,0.20105597265776354,0.35196994629586226
Headboard,"[0.02247612, 0.15126315, -0.00284535, 0.11772227, 0.1256676, 0.03606809]",0.7791507947837801,0.9054098248091362,0.6430027627354115,0.7758544607761092
WineBottle,"[0.02247612, 0.15126315, -0.00284535, 0.11772227, 0.1256676, 0.03606809]",0.6066570901533695,0.9524104684127478,0.6994419947966121,0.7528365177875765
Cup,"[0.02247612, 0.15126315, -0.00284535, 0.11772227, 0.1256676, 0.03606809]",0.021798976571586137,0.8947409222737301,0.19354576387696143,0.37002855424075926
Teacup,"[0.02247612, 0.15126315, -0.00284535, 0.11772227, 0.1256676, 0.03606809]",0.9447299624433456,0.27846108796917113,0.9470960095319738,0.7234290199814968
Hanger,"[0.02247612, 0.15126315, -0.00284535, 0.11772227, 0.1256676, 0.03606809]",0.9687156346479483,0.9720481877067065,0.8746704913339373,0.9384781045628641
CoatRack,"[0.02247612, 0.15126315, -0.00284535, 0.11772227, 0.1256676, 0.03606809]",0.20803232131554694,0.7504165355135781,0.645818406075744,0.534755754301623
Truck,"[0.02247612, 0.15126315, -0.00284535, 0.11772227, 0.1256676, 0.03606809]",0.7763204553646352,0.405310861202429,0.15791225326305902,0.44651452327670776
Picture,"[0.02247612, 0.15126315, -0.00284535, 0.11772227, 0.1256676, 0.03606809]",0.21118556632811147,0.07037751560126904,0.759328404275852,0.34696382873507753
Flashlight,"[0.02247612, 0.15126315, -0.00284535, 0.11772227, 0.1256676, 0.03606809]",0.32548760916308783,0.44710578340743967,0.16783824121934376,0.3134772112632904
DeskLamp,"[0.02247612, 0.15126315, -0.00284535, 0.11772227, 0.1256676, 0.03606809]",0.6837182681953111,0.8382572561515493,0.8574206660958484,0.793132063480903
LampPost,"[0.02247612, 0.15126315, -0.00284535, 0.11772227, 0.1256676, 0.03606809]",0.5604022776401083,0.18506490789189955,0.6380897687554131,0.46118565142914036
Magnet,"[0.02247612, 0.15126315, -0.00284535, 0.11772227, 0.1256676, 0.03606809]",0.14308071320411175,0.527669324499223,0.2660570511012146,0.3122690296015164
EndTable,"[0.02247612, 0.15126315, -0.00284535, 0.11772227, 0.1256676, 0.03606809]",0.27450407707037083,0.9883106835823576,0.0956864228484895,0.4528337278337393
Washer,"[0.02247612, 0.15126315, -0.00284535, 0.11772227, 0.1256676, 0.03606809]",0.13935267285580621,0.658580690672479,0.24518738245825522,0.34770691532884684
RoundBed,"[0.02247612, 0.15126315, -0.00284535, 0.11772227, 0.1256676, 0.03606809]",0.10204337549303377,0.9013524143643903,0.23261626733355545,0.41200401906365985
Showerhead,"[0.02247612, 0.15126315, -0.00284535, 0.11772227, 0.1256676, 0.03606809]",0.9637872374290388,0.25082181775312995,0.7397652148045308,0.6514580899955665
DSLRCamera,"[0.02247612, 0.15126315, -0.00284535, 0.11772227, 0.1256676, 0.03606809]",0.9164836757691541,0.7938358178568343,0.9383634221394048,0.8828943052551311
Eraser,"[0.02247612, 0.15126315, -0.00284535, 0.11772227, 0.1256676, 0.03606809]",0.7829629820619084,0.1317178950631066,0.4525737329005416,0.4557515366751856
Camera,"[0.02247612, 0.15126315, -0.00284535, 0.11772227, 0.1256676, 0.03606809]",0.13991877980155198,0.6071680433914411,0.57385170078282,0.44031284132527104
Copier,"[0.02247612, 0.15126315, -0.00284535, 0.11772227, 0.1256676, 0.03606809]",0.028563339253546927,0.2284325311056561,0.5220375275278675,0.2596777992956902
Carrot,"[0.02247612, 0.15126315, -0.00284535, 0.11772227, 0.1256676, 0.03606809]",0.06061325812391183,0.022862275283409894,0.37071810888232015,0.15139788076321395
Scissors,"[0.02247612, 0.15126315, -0.00284535, 0.11772227, 0.1256676, 0.03606809]",0.6976541860583781,0.8135308712526164,0.6755422859984568,0.7289091144364838
ToyFigure,"[0.02247612, 0.15126315, -0.00284535, 0.11772227, 0.1256676, 0.03606809]",0.8136276552863142,0.09841015874057701,0.8158850082276351,0.575974274084842
BeerBottle,"[0.02247612, 0.15126315, -0.00284535, 0.11772227, 0.1256676, 0.03606809]",0.40999793023127806,0.5008825381495419,0.8351070686738157,0.5819958456848785
Curtain,"[0.02247612, 0.15126315, -0.00284535, 0.11772227, 0.1256676, 0.03606809]",0.17322505279618938,0.7546472473305978,0.5665477050637184,0.49814000173016854
Xbox360,"[0.02247612, 0.15126315, -0.00284535, 0.11772227, 0.1256676, 0.03606809]",0.02613195056137374,0.4638484777283336,0.09274934891131259,0.19424325906700665
Cow,"[0.02247612, 0.15126315, -0.00284535, 0.11772227, 0.1256676, 0.03606809]",0.74272454393607,0.6538834638586055,0.6018208162305404,0.6661429413417387
PowerSocket,"[0.02247612, 0.15126315, -0.00284535, 0.11772227, 0.1256676, 0.03606809]",0.9109604841048682,0.2917612812237257,0.25165580257891584,0.4847925226358365
PS3,"[0.02247612, 0.15126315, -0.00284535, 0.11772227, 0.1256676, 0.03606809]",0.1953233287376086,0.3312664148828116,0.5507038786609361,0.3590978740937854
TissueBox,"[0.02247612, 0.15126315, -0.00284535, 0.11772227, 0.1256676, 0.03606809]",0.19246170670219798,0.27050379445105843,0.6209373026705844,0.361300934607947
Watch,"[0.02247612, 0.15126315, -0.00284535, 0.11772227, 0.1256676, 0.03606809]",0.9776831229683894,0.22505215809262624,0.305762648749878,0.502832643270298
CerealBox,"[0.02247612, 0.15126315, -0.00284535, 0.11772227, 0.1256676, 0.03606809]",0.5743379686756029,0.9662136552445226,0.8879932260072052,0.8095149499757769
Thermostat,"[0.02247612, 0.15126315, -0.00284535, 0.11772227, 0.1256676, 0.03606809]",0.4524658996390729,0.09296681352691327,0.4046476372700891,0.31669345014535843
Bathtub,"[0.02247612, 0.15126315, -0.00284535, 0.11772227, 0.1256676, 0.03606809]",0.13884795416768914,0.9821753896555191,0.29143045945000423,0.47081793442440417
Pen,"[0.02247612, 0.15126315, -0.00284535, 0.11772227, 0.1256676, 0.03606809]",0.9846388116480855,0.7682309386464693,0.3218738314102091,0.691581193901588
DoubleBed,"[0.02247612, 0.15126315, -0.00284535, 0.11772227, 0.1256676, 0.03606809]",0.29759687597766404,0.6122913054659335,0.6822113057781654,0.530699829073921
SoapBar,"[0.02247612, 0.15126315, -0.00284535, 0.11772227, 0.1256676, 0.03606809]",0.2345559304267798,0.3346769753174428,0.5266297854324313,0.3652875637255513
PS2,"[0.02247612, 0.15126315, -0.00284535, 0.11772227, 0.1256676, 0.03606809]",0.45837155896343307,0.8168398758811932,0.06541292891308026,0.44687478791923546
2Shelves,"[0.02247612, 0.15126315, -0.00284535, 0.11772227, 0.1256676, 0.03606809]",0.5938526814008573,0.49721402445847473,0.06462897024864389,0.385231892035992
Ring,"[0.02247612, 0.15126315, -0.00284535, 0.11772227, 0.1256676, 0.03606809]",0.6876648959777538,0.6344761112105485,0.5927165882308596,0.6382858651397206
Bag,"[0.02247612, 0.15126315, -0.00284535, 0.11772227, 0.1256676, 0.03606809]",0.4417245783960613,0.7758557499700154,0.7681808112502098,0.6619203798720955
Xbox,"[0.02247612, 0.15126315, -0.00284535, 0.11772227, 0.1256676, 0.03606809]",0.19102668217119012,0.23604367197414367,0.7011154886432029,0.3760619475961789
FoodItem,"[0.02247612, 0.15126315, -0.00284535, 0.11772227, 0.1256676, 0.03606809]",0.417261336090508,0.1892195860757111,0.5050329953720716,0.3705046391794302
Laptop,"[0.02247612, 0.15126315, -0.00284535, 0.11772227, 0.1256676, 0.03606809]",0.35670459064275784,0.07975155370452447,0.512756460893754,0.3164042017470121
SideChair,"[0.02247612, 0.15126315, -0.00284535, 0.11772227, 0.1256676, 0.03606809]",0.9325875805462142,0.9808697956630993,0.570909580994064,0.8281223190677925
Calculator,"[0.02247612, 0.15126315, -0.00284535, 0.11772227, 0.1256676, 0.03606809]",0.9637544991187504,0.8783776595949235,0.2955770692216978,0.712569742645124
Chocolate,"[0.02247612, 0.15126315, -0.00284535, 0.11772227, 0.1256676, 0.03606809]",0.30340678641529917,0.8936542389691091,0.8002749240930942,0.6657786498258341
WebCam,"[0.02247612, 0.15126315, -0.00284535, 0.11772227, 0.1256676, 0.03606809]",0.5808166367738775,0.8848564033511573,0.8874268157562876,0.7843666186271075
Stapler,"[0.02247612, 0.15126315, -0.00284535, 0.11772227, 0.1256676, 0.03606809]",0.18619003992533867,0.5349757381163596,0.39159320902486305,0.37091966235552043
Fork,"[0.02247612, 0.15126315, -0.00284535, 0.11772227, 0.1256676, 0.03606809]",0.8642834844224213,0.411111053816121,0.62282791802384,0.6327408187541274
Ottoman,"[0.02247612, 0.15126315, -0.00284535, 0.11772227, 0.1256676, 0.03606809]",0.46351296593736524,0.03104796238073948,0.8500446239247633,0.44820185074762264
AccentChair,"[0.02247612, 0.15126315, -0.00284535, 0.11772227, 0.1256676, 0.03606809]",0.8195961691426991,0.9771565699017971,0.48839313073998747,0.7617152899281612
Courtyard,"[0.02247612, 0.15126315, -0.00284535, 0.11772227, 0.1256676, 0.03606809]",0.5718027520172548,0.8533138005976049,0.2906459478129634,0.571920833475941
Backpack,"[0.02247612, 0.15126315, -0.00284535, 0.11772227, 0.1256676, 0.03606809]",0.9987295261992656,0.9925582639739,0.7354954851770197,0.9089277584500618
Chaise,"[0.02247612, 0.15126315, -0.00284535, 0.11772227, 0.1256676, 0.03606809]",0.8140181969959056,0.37827923986724243,0.18073321915207252,0.45767688533840684
FloorLamp,"[0.02247612, 0.15126315, -0.00284535, 0.11772227, 0.1256676, 0.03606809]",0.32064023339102843,0.563108355076862,0.27388566685132887,0.3858780851064065
Recliner,"[0.02247612, 0.15126315, -0.00284535, 0.11772227, 0.1256676, 0.03606809]",0.9306844825898082,0.6514048992151225,0.8190473788858263,0.8003789202302523
KingBed,"[0.02247612, 0.15126315, -0.00284535, 0.11772227, 0.1256676, 0.03606809]",0.9917767956211248,0.8970939600590886,0.17105399513719988,0.6866415836058044
WineGlass,"[0.02247612, 0.15126315, -0.00284535, 0.11772227, 0.1256676, 0.03606809]",0.1252160660777063,0.407317590315064,0.6940261985476112,0.4088532849801272
Sink,"[0.02247612, 0.15126315, -0.00284535, 0.11772227, 0.1256676, 0.03606809]",0.09433178574399137,0.9602178728359109,0.5149473683782022,0.5231656756527016
Ship,"[0.02247612, 0.15126315, -0.00284535, 0.11772227, 0.1256676, 0.03606809]",0.974253763253371,0.1607669209198489,0.6404156093934296,0.5918120978555498
Vase,"[0.02247612, 0.15126315, -0.00284535, 0.11772227, 0.1256676, 0.03606809]",0.3828053668582181,0.6383576980987128,0.8000486906699938,0.6070705852089749
StandingClock,"[0.02247612, 0.15126315, -0.00284535, 0.11772227, 0.1256676, 0.03606809]",0.41019483011537217,0.5028825378195215,0.10461732708685667,0.33923156500725016
DresserWithMirror,"[0.02247612, 0.15126315, -0.00284535, 0.11772227, 0.1256676, 0.03606809]",0.18652026808716105,0.3474098553469134,0.4654970366568133,0.33314238669696256
Chair,"[0.02247612, 0.15126315, -0.00284535, 0.11772227, 0.1256676, 0.03606809]",0.823402084539157,0.2158697801887236,0.09347179815747386,0.37758122096178487
Donut,"[0.02247612, 0.15126315, -0.00284535, 0.11772227, 0.1256676, 0.03606809]",0.5243959762032278,0.6953655766625949,0.4451339455916533,0.5549651661524919
PaperBox,"[0.02247612, 0.15126315, -0.00284535, 0.11772227, 0.1256676, 0.03606809]",0.07942610024207153,0.8413814845502176,0.07274622074450388,0.33118460184559767
GameTable,"[0.02247612, 0.15126315, -0.00284535, 0.11772227, 0.1256676, 0.03606809]",0.4788342178002435,0.2138984809469362,0.44289025187680664,0.37854098354132876
DrumSet,"[0.02247612, 0.15126315, -0.00284535, 0.11772227, 0.1256676, 0.03606809]",0.6190810037256835,0.9354969304864739,0.3103296497269582,0.6216358613130386
Spoon,"[0.02247612, 0.15126315, -0.00284535, 0.11772227, 0.1256676, 0.03606809]",0.2378846543320483,0.002302418764273617,0.9174585950541904,0.3858818893835041
Monitor,"[0.02247612, 0.15126315, -0.00284535, 0.11772227, 0.1256676, 0.03606809]",0.7470051967421569,0.022624752227722422,0.40379864136052634,0.3911428634434686
Printer,"[0.02247612, 0.15126315, -0.00284535, 0.11772227, 0.1256676, 0.03606809]",0.4146654367034517,0.006024488212742374,0.9805067265140455,0.4670655504767465
WineRack,"[0.02247612, 0.15126315, -0.00284535, 0.11772227, 0.1256676, 0.03606809]",0.9450006800241348,0.01837206790913415,0.89179972859645,0.6183908255099063
SodaCan,"[0.02247612, 0.15126315, -0.00284535, 0.11772227, 0.1256676, 0.03606809]",0.7863547594245812,0.16368805981259849,0.8459805829945011,0.5986744674105603
Telephone,"[0.02247612, 0.15126315, -0.00284535, 0.11772227, 0.1256676, 0.03606809]",0.037761345661706525,0.6630424783013273,0.7627201279038652,0.48784131728896635
Pencil,"[0.02247612, 0.15126315, -0.00284535, 0.11772227, 0.1256676, 0.03606809]",0.12810726409942053,0.47673693575536746,0.19498001016599686,0.26660807000692827
Rack,"[0.02247612, 0.15126315, -0.00284535, 0.11772227, 0.1256676, 0.03606809]",0.48111306390261044,0.7324231230562792,0.5230093362636041,0.5788485077408313
Sideboard,"[0.02247612, 0.15126315, -0.00284535, 0.11772227, 0.1256676, 0.03606809]",0.15950016293286573,0.9438751126142514,0.2883143688396361,0.46389654812891773
Room,"[0.02247612, 0.15126315, -0.00284535, 0.11772227, 0.1256676, 0.03606809]",0.39570005609813574,0.26670803488278827,0.8287831771473914,0.49706375604277175
Hat,"[0.02247612, 0.15126315, -0.00284535, 0.11772227, 0.1256676, 0.03606809]",0.9717916206536565,0.28074558348087186,0.19593161943723125,0.4828229411905866
LightSwitch,"[0.02247612, 0.15126315, -0.00284535, 0.11772227, 0.1256676, 0.03606809]",0.9929597324259731,0.1700282070322875,0.4313301119926869,0.5314393504836492
Paper,"[0.02247612, 0.15126315, -0.00284535, 0.11772227, 0.1256676, 0.03606809]",0.5023346461992295,0.30726700432277754,0.7533308726637606,0.5209775077285892
Cabinet,"[0.02247612, 0.15126315, -0.00284535, 0.11772227, 0.1256676, 0.03606809]",0.6537508432695759,0.7990795441691908,0.4964325850138027,0.6497543241508564
Whiteboard,"[0.02247612, 0.15126315, -0.00284535, 0.11772227, 0.1256676, 0.03606809]",0.8585075461341686,0.1611006127041169,0.9333151425221643,0.6509744337868165
Controller,"[0.02247612, 0.15126315, -0.00284535, 0.11772227, 0.1256676, 0.03606809]",0.8075267288351633,0.9965946153519551,0.9371416896822639,0.9137543446231274
TableClock,"[0.02247612, 0.15126315, -0.00284535, 0.11772227, 0.1256676, 0.03606809]",0.8558997818578373,0.2714340225859725,0.4022895452212524,0.5098744498883541
NintendoDS,"[0.02247612, 0.15126315, -0.00284535, 0.11772227, 0.1256676, 0.03606809]",0.5174982134680185,0.031093863659530818,0.19044078153670574,0.24634428622141835
AccentTable,"[0.02247612, 0.15126315, -0.00284535, 0.11772227, 0.1256676, 0.03606809]",0.16933572311053358,0.11605830843929044,0.23380952474238048,0.1730678520974015
Dog,"[0.02247612, 0.15126315, -0.00284535, 0.11772227, 0.1256676, 0.03606809]",0.48116195805075235,0.9401512745235204,0.9590541957335236,0.7934558094359322
Hammer,"[0.02247612, 0.15126315, -0.00284535, 0.11772227, 0.1256676, 0.03606809]",0.2921440913608474,0.18238557361003793,0.15090656808059422,0.20847874435049318
QueenBed,"[0.02247612, 0.15126315, -0.00284535, 0.11772227, 0.1256676, 0.03606809]",0.5832878790686576,0.5852994379021962,0.6289559530916982,0.5991810900208506
DiningTable,"[0.02247612, 0.15126315, -0.00284535, 0.11772227, 0.1256676, 0.03606809]",0.620123155274038,0.9678552868848361,0.6299856034862936,0.7393213485483893
WallUnit,"[0.02247612, 0.15126315, -0.00284535, 0.11772227, 0.1256676, 0.03606809]",0.7990911874826339,0.9659832500196045,0.004118660559800702,0.5897310326873463
USBStick,"[0.02247612, 0.15126315, -0.00284535, 0.11772227, 0.1256676, 0.03606809]",0.9549491396756605,0.6585606121346635,0.7668268129450408,0.7934455215851216
DrinkingUtensil,"[0.02247612, 0.15126315, -0.00284535, 0.11772227, 0.1256676, 0.03606809]",0.056096481801806486,0.239859160337764,0.0217638074118629,0.10590648318381113
Fan,"[0.02247612, 0.15126315, -0.00284535, 0.11772227, 0.1256676, 0.03606809]",0.7363896191331634,0.7091660131217926,0.3258310839551678,0.5904622387367079
Purse,"[0.02247612, 0.15126315, -0.00284535, 0.11772227, 0.1256676, 0.03606809]",0.6506957666604939,0.7611749579283592,0.08751684447999819,0.4997958563562837
PottedPlant,"[0.02247612, 0.15126315, -0.00284535, 0.11772227, 0.1256676, 0.03606809]",0.7239705473755725,0.17789139447935753,0.125214711575782,0.34235888447690405
Speaker,"[0.02247612, 0.15126315, -0.00284535, 0.11772227, 0.1256676, 0.03606809]",0.35720167907614175,0.2730984931983762,0.023155947785000186,0.21781870668650605
OutdoorTable,"[0.02247612, 0.15126315, -0.00284535, 0.11772227, 0.1256676, 0.03606809]",0.6880905428166509,0.29821520753648467,0.3030485698673786,0.42978477340683807
LoftBed,"[0.02247612, 0.15126315, -0.00284535, 0.11772227, 0.1256676, 0.03606809]",0.8946387554768795,0.45340016158742447,0.5488903183375623,0.6323097451339553
Wallet,"[0.02247612, 0.15126315, -0.00284535, 0.11772227, 0.1256676, 0.03606809]",0.935700702730038,0.9127407027597382,0.7973790002167296,0.881940135235502
Book,"[0.02247612, 0.15126315, -0.00284535, 0.11772227, 0.1256676, 0.03606809]",0.3418162702946438,0.14453867222882266,0.30785628812740806,0.26473707688362486
PotRack,"[0.02247612, 0.15126315, -0.00284535, 0.11772227, 0.1256676, 0.03606809]",0.4013442391621309,0.9647150041075743,0.526013536921739,0.6306909267304813
Knife,"[0.02247612, 0.15126315, -0.00284535, 0.11772227, 0.1256676, 0.03606809]",0.5075388054558693,0.4355877369951957,0.7281954640807065,0.5571073355105906
MousePad,"[0.02247612, 0.15126315, -0.00284535, 0.11772227, 0.1256676, 0.03606809]",0.3094848876701287,0.5226168316169406,0.7895007583851267,0.5405341592240653
Donkey,"[0.02247612, 0.15126315, -0.00284535, 0.11772227, 0.1256676, 0.03606809]",0.2692717650220984,0.22321430459831082,0.8082806419730625,0.4335889038644905
KneelingChair,"[0.02247612, 0.15126315, -0.00284535, 0.11772227, 0.1256676, 0.03606809]",0.9820475236252701,0.568352294110592,0.7414951342533731,0.7639649839964117
VideoGameConsole,"[0.02247612, 0.15126315, -0.00284535, 0.11772227, 0.1256676, 0.03606809]",0.20349554877697296,0.2050977827735999,0.03360362984176113,0.147398987130778
Table,"[0.02247612, 0.15126315, -0.00284535, 0.11772227, 0.1256676, 0.03606809]",0.2821692986783553,0.889247580887232,0.4969015809663767,0.5561061535106546
Ruler,"[0.02247612, 0.15126315, -0.00284535, 0.11772227, 0.1256676, 0.03606809]",0.1365771771904314,0.6873006986683182,0.6027557165143147,0.4755445307910214
MediaPlayer,"[0.02247612, 0.15126315, -0.00284535, 0.11772227, 0.1256676, 0.03606809]",0.7001873434677659,0.09724261299377857,0.6981008898818294,0.49851028211445797
Fish,"[0.02247612, 0.15126315, -0.00284535, 0.11772227, 0.1256676, 0.03606809]",0.35636076618826684,0.21850532181379168,0.9752224899769151,0.5166961926596579
Horse,"[0.02247612, 0.15126315, -0.00284535, 0.11772227, 0.1256676, 0.03606809]",0.24601964399173815,0.4836808763052398,0.6499734509971568,0.4598913237647116
Gamecube,"[0.02247612, 0.15126315, -0.00284535, 0.11772227, 0.1256676, 0.03606809]",0.9025803280239695,0.8772196374189837,0.8129908413171633,0.8642636022533722
CanOpener,"[0.02247612, 0.15126315, -0.00284535, 0.11772227, 0.1256676, 0.03606809]",0.8360357494074871,0.2293694424020878,0.2406230864096519,0.435342759406409
Basket,"[0.02247612, 0.15126315, -0.00284535, 0.11772227, 0.1256676, 0.03606809]",0.17454480896800884,0.31174481781815233,0.2557284614938462,0.24733936276000246
Mirror,"[0.02247612, 0.15126315, -0.00284535, 0.11772227, 0.1256676, 0.03606809]",0.5115140880673024,0.545368801270138,0.7673828731207922,0.6080885874860775
Sword,"[0.02247612, 0.15126315, -0.00284535, 0.11772227, 0.1256676, 0.03606809]",0.8116155052911485,0.13319121617486662,0.23963645101741093,0.3948143908278087
Keyboard,"[0.02247612, 0.15126315, -0.00284535, 0.11772227, 0.1256676, 0.03606809]",0.5124714207362109,0.9111494008605702,0.7881796421755528,0.7372668212574446
Cabling,"[0.02247612, 0.15126315, -0.00284535, 0.11772227, 0.1256676, 0.03606809]",0.4083330472415758,0.027658760574685637,0.8215899717790771,0.4191939265317795
ChildBed,"[0.02247612, 0.15126315, -0.00284535, 0.11772227, 0.1256676, 0.03606809]",0.7093871641434952,0.44499863081144586,0.22692417130574205,0.46043665542022766
Plotter,"[0.02247612, 0.15126315, -0.00284535, 0.11772227, 0.1256676, 0.03606809]",0.20899807404357917,0.39507511137890394,0.35573539739481197,0.3199361942724317
Desk,"[0.02247612, 0.15126315, -0.00284535, 0.11772227, 0.1256676, 0.03606809]",0.8860723440303255,0.13284440818998133,0.649786231129439,0.5562343277832485
Pan,"[0.02247612, 0.15126315, -0.00284535, 0.11772227, 0.1256676, 0.03606809]",0.8594858873730041,0.10608645091485513,0.20264871720586297,0.38940701849790743
Bookcase,"[0.02247612, 0.15126315, -0.00284535, 0.11772227, 0.1256676, 0.03606809]",0.8340190871335634,0.6539147166430812,0.43784377128476215,0.6419258583538023
Cradle,"[0.02247612, 0.15126315, -0.00284535, 0.11772227, 0.1256676, 0.03606809]",0.05675865328503915,0.6596457940494059,0.8905246611038397,0.5356430361460949
Fruit,"[0.02247612, 0.15126315, -0.00284535, 0.11772227, 0.1256676, 0.03606809]",0.16536586437314738,0.43927489425280497,0.38165591447861047,0.32876555770152094
SingleBed,"[0.02247612, 0.15126315, -0.00284535, 0.11772227, 0.1256676, 0.03606809]",0.815230260138983,0.17206584989432516,0.7444945238532997,0.5772635446288693
Fireplace,"[0.02247612, 0.15126315, -0.00284535, 0.11772227, 0.1256676, 0.03606809]",0.264936478496518,0.8580091374832776,0.12052417617425215,0.41448993071801593
5Shelves,"[0.02247612, 0.15126315, -0.00284535, 0.11772227, 0.1256676, 0.03606809]",0.042999328168913054,0.30698774535607465,0.3168508505068375,0.22227930801060838
Battery,"[0.02247612, 0.15126315, -0.00284535, 0.11772227, 0.1256676, 0.03606809]",0.8508824073323754,0.4612200874658604,0.8193425518308755,0.7104816822097039
Armoire,"[0.02247612, 0.15126315, -0.00284535, 0.11772227, 0.1256676, 0.03606809]",0.8927766086182375,0.4117385599608048,0.13615351334624315,0.48022289397509504
Stool,"[0.02247612, 0.15126315, -0.00284535, 0.11772227, 0.1256676, 0.03606809]",0.6560638055532633,0.23631597182727604,0.6748607948533071,0.5224135240779488
Counter,"[0.02247612, 0.15126315, -0.00284535, 0.11772227, 0.1256676, 0.03606809]",0.01762706492235222,0.35180697893078217,0.42339361557900623,0.2642758864773802
Ball,"[0.02247612, 0.15126315, -0.00284535, 0.11772227, 0.1256676, 0.03606809]",0.01421174935268743,0.5784483505467249,0.45674839346330454,0.34980283112090566
TV,"[0.02247612, 0.15126315, -0.00284535, 0.11772227, 0.1256676, 0.03606809]",0.2106726734648312,0.8945120081290006,0.0883055830126589,0.39783008820216353
Dresser,"[0.02247612, 0.15126315, -0.00284535, 0.11772227, 0.1256676, 0.03606809]",0.4222600820624943,0.18145396169962125,0.8380871502735128,0.4806003980118761
Plant,"[0.02247612, 0.15126315, -0.00284535, 0.11772227, 0.1256676, 0.03606809]",0.10770584149501183,0.34825169946852963,0.18299317992689645,0.21298357363014597
Radio,"[0.02247612, 0.15126315, -0.00284535, 0.11772227, 0.1256676, 0.03606809]",0.5889761540310628,0.45414763032688865,0.6997101619703204,0.5809446487760906
DraftingTable,"[0.02247612, 0.15126315, -0.00284535, 0.11772227, 0.1256676, 0.03606809]",0.2857668498153827,0.3647071399892251,0.49412039900675464,0.38153146293712076
Loveseat,"[0.02247612, 0.15126315, -0.00284535, 0.11772227, 0.1256676, 0.03606809]",0.19499481450420475,0.5061017740545882,0.7336295458418929,0.47824204480022864
CanopyBed,"[0.02247612, 0.15126315, -0.00284535, 0.11772227, 0.1256676, 0.03606809]",0.9451608201005247,0.7982620467108381,0.5463643768895986,0.7632624145669872
CeilingLamp,"[0.02247612, 0.15126315, -0.00284535, 0.11772227, 0.1256676, 0.03606809]",0.7323354075953505,0.16961949819921696,0.25149995784483004,0.38448495454646586
QueenBedWithNightstand,"[0.02247612, 0.15126315, -0.00284535, 0.11772227, 0.1256676, 0.03606809]",0.15208102008839408,0.8719202593539149,0.3472103191443754,0.45707053286222815
Canister,"[0.02247612, 0.15126315, -0.00284535, 0.11772227, 0.1256676, 0.03606809]",0.6473950573943975,0.34557650763912817,0.9644976925161591,0.6524897525165616
Cage,"[0.02247612, 0.15126315, -0.00284535, 0.11772227, 0.1256676, 0.03606809]",0.4162046802737356,0.8437970674937122,0.20620452740096784,0.4887354250561386
Easel,"[0.02247612, 0.15126315, -0.00284535, 0.11772227, 0.1256676, 0.03606809]",0.3722036389391695,0.8553593480082016,0.5743239657278846,0.6006289842250853
Mug,"[0.02247612, 0.15126315, -0.00284535, 0.11772227, 0.1256676, 0.03606809]",0.2841178677100693,0.8848725180285029,0.48372605038591765,0.5509054787081632
7Shelves,"[0.02247612, 0.15126315, -0.00284535, 0.11772227, 0.1256676, 0.03606809]",0.1932537494382348,0.14696728780972246,0.16997270777421947,0.1700645816740589
Sectional,"[0.02247612, 0.15126315, -0.00284535, 0.11772227, 0.1256676, 0.03606809]",0.7590513642386273,0.47672668444304267,0.30638190589741154,0.5140533181930272
Bowl,"[0.02247612, 0.15126315, -0.00284535, 0.11772227, 0.1256676, 0.03606809]",0.6176562283276785,0.5514200361060622,0.41478435962154026,0.5279535413517603
Bird,"[0.02247612, 0.15126315, -0.00284535, 0.11772227, 0.1256676, 0.03606809]",0.5957360517207301,0.6600998203187228,0.4854883364104212,0.5804414028166247
6Shelves,"[0.02247612, 0.15126315, -0.00284535, 0.11772227, 0.1256676, 0.03606809]",0.09992311268611676,0.6591615030117108,0.39502404040945494,0.3847028853690942
Booth,"[0.02247612, 0.15126315, -0.00284535, 0.11772227, 0.1256676, 0.03606809]",0.5898308742040207,0.6045226259499489,0.5327593060880417,0.5757042687473372
Barstool,"[0.02247612, 0.15126315, -0.00284535, 0.11772227, 0.1256676, 0.03606809]",0.419600052205231,0.0713088227377684,0.9324655866743573,0.4744581538724522
Notepad,"[0.02247612, 0.15126315, -0.00284535, 0.11772227, 0.1256676, 0.03606809]",0.5435109918565321,0.39378144301535034,0.5907905435406846,0.509360992804189
Airplane,"[0.02247612, 0.15126315, -0.00284535, 0.11772227, 0.1256676, 0.03606809]",0.6452545721848014,0.67455973130963,0.8683743627065869,0.729396222067006
CurioCabinet,"[0.02247612, 0.15126315, -0.00284535, 0.11772227, 0.1256676, 0.03606809]",0.17925211990918177,0.038358270294365227,0.8252603240062082,0.3476235714032517
Couch,"[0.02247612, 0.15126315, -0.00284535, 0.11772227, 0.1256676, 0.03606809]",0.12433168342253254,0.8892759578959556,0.004590885188097804,0.3393995088355286
PaperClip,"[0.02247612, 0.15126315, -0.00284535, 0.11772227, 0.1256676, 0.03606809]",0.9216443212837907,0.22163565463785795,0.7068593273065944,0.616713101076081
Rug,"[0.02247612, 0.15126315, -0.00284535, 0.11772227, 0.1256676, 0.03606809]",0.7170783963711987,0.4711555533712781,0.6135415094318226,0.6005918197247665
CeilingFan,"[0.02247612, 0.15126315, -0.00284535, 0.11772227, 0.1256676, 0.03606809]",0.4924660160655546,0.21102705437083724,0.6874842421011812,0.46365910417919104
PSP,"[0.02247612, 0.15126315, -0.00284535, 0.11772227, 0.1256676, 0.03606809]",0.349472606674632,0.3881080720073019,0.7934259666530249,0.5103355484449863
Shirt,"[0.02247612, 0.15126315, -0.00284535, 0.11772227, 0.1256676, 0.03606809]",0.6806201274330476,0.9687244128834194,0.4409882444813996,0.6967775949326221
CellPhone,"[0.02247612, 0.15126315, -0.00284535, 0.11772227, 0.1256676, 0.03606809]",0.8043327130278485,0.5372420442267415,0.7786500472464103,0.7067416015003335
WallClock,"[0.02247612, 0.15126315, -0.00284535, 0.11772227, 0.1256676, 0.03606809]",0.4788740786416419,0.9431918950864547,0.02053561978184415,0.480867197836647
Coin,"[0.02247612, 0.15126315, -0.00284535, 0.11772227, 0.1256676, 0.03606809]",0.40034676280944115,0.39853700040050455,0.4077295159640407,0.40220442639132886
VideoGameController,"[0.02247612, 0.15126315, -0.00284535, 0.11772227, 0.1256676, 0.03606809]",0.910353760046381,0.5224911168662384,0.3847613794485847,0.6058687521204014
MediaChest,"[0.02247612, 0.15126315, -0.00284535, 0.11772227, 0.1256676, 0.03606809]",0.12385677915004856,0.22811694555610507,0.5755495001265492,0.3091744082775676
Tank,"[0.02247612, 0.15126315, -0.00284535, 0.11772227, 0.1256676, 0.03606809]",0.6518290524521624,0.7418821282487857,0.6241241215606779,0.6726117674205421
Elephant,"[0.02247612, 0.15126315, -0.00284535, 0.11772227, 0.1256676, 0.03606809]",0.4262154719107998,0.05103331239112596,0.12354159228003792,0.20026345886065455
PS,"[0.02247612, 0.15126315, -0.00284535, 0.11772227, 0.1256676, 0.03606809]",0.2747357328737031,0.5330968789623214,0.5537024768833411,0.45384502957312184
CupCake,"[0.02247612, 0.15126315, -0.00284535, 0.11772227, 0.1256676, 0.03606809]",0.3021625532897355,0.2843981538444622,0.5412047563090712,0.37592182114775624
DonutBox,"[0.02247612, 0.15126315, -0.00284535, 0.11772227, 0.1256676, 0.03606809]",0.7975515147412874,0.2920334595908298,0.11444271237055237,0.4013425622342231
Suitcase,"[0.02247612, 0.15126315, -0.00284535, 0.11772227, 0.1256676, 0.03606809]",0.04105135716823893,0.4219355937860536,0.8919914340730478,0.4516594616757801
BreadSlice,"[0.02247612, 0.15126315, -0.00284535, 0.11772227, 0.1256676, 0.03606809]",0.9058762237213343,0.6225297447248881,0.5802928381500977,0.7028996021987733
WallArt,"[0.02247612, 0.15126315, -0.00284535, 0.11772227, 0.1256676, 0.03606809]",0.38749401929683114,0.3220066796487451,0.9433080582602216,0.5509362524019327
Painting,"[0.02247612, 0.15126315, -0.00284535, 0.11772227, 0.1256676, 0.03606809]",0.6277938435873648,0.49711386063527985,0.20201988877348453,0.44230919766537635
MilkCarton,"[0.02247612, 0.15126315, -0.00284535, 0.11772227, 0.1256676, 0.03606809]",0.5954638650856688,0.6669202311032533,0.76713607251874,0.6765067229025541
4Shelves,"[0.02247612, 0.15126315, -0.00284535, 0.11772227, 0.1256676, 0.03606809]",0.429508556951686,0.06507020012542697,0.0038855644363486874,0.16615477383782054
RoundTable,"[0.02247612, 0.15126315, -0.00284535, 0.11772227, 0.1256676, 0.03606809]",0.24274126851381295,0.9130246568428797,0.3636529634394291,0.5064729629320407
1Shelves,"[0.02247612, 0.15126315, -0.00284535, 0.11772227, 0.1256676, 0.03606809]",0.029008989532236518,0.6336812123601823,0.9262760222961286,0.5296554080628492
Cat,"[0.02247612, 0.15126315, -0.00284535, 0.11772227, 0.1256676, 0.03606809]",0.33800236115781557,0.07479158257129093,0.6923454993042523,0.36837981434445294
Candle,"[0.02247612, 0.15126315, -0.00284535, 0.11772227, 0.1256676, 0.03606809]",0.04463487048599535,0.51619901537217,0.6311593375103841,0.39733107445618315
Vanity,"[0.02247612, 0.15126315, -0.00284535, 0.11772227, 0.1256676, 0.03606809]",0.09017679312763394,0.9702292367587537,0.44891265765243427,0.5031062291796072
Coaster,"[0.02247612, 0.15126315, -0.00284535, 0.11772227, 0.1256676, 0.03606809]",0.5732398161172044,0.49417737015817575,0.20373622930337965,0.42371780519291996
Books,"[0.02247612, 0.15126315, -0.00284535, 0.11772227, 0.1256676, 0.03606809]",0.3889734380836195,0.6780008226962213,0.5093702254664864,0.5254481620821091
Shoes,"[0.02247612, 0.15126315, -0.00284535, 0.11772227, 0.1256676, 0.03606809]",0.28045101381345194,0.05159016933891036,0.4327392625675397,0.25492681523996735
TableLamp,"[0.02247612, 0.15126315, -0.00284535, 0.11772227, 0.1256676, 0.03606809]",0.9937587226652593,0.1724181087721598,0.7187637611217219,0.628313530853047
TvStand,"[0.02247612, 0.15126315, -0.00284535, 0.11772227, 0.1256676, 0.03606809]",0.0794924625285659,0.4622670692055648,0.04605231290374889,0.19593728154595988
PillBottle,"[0.02247612, 0.15126315, -0.00284535, 0.11772227, 0.1256676, 0.03606809]",0.9324085195698829,0.48905936478350975,0.21872688311249322,0.5467315891552952
Bed,"[0.02247612, 0.15126315, -0.00284535, 0.11772227, 0.1256676, 0.03606809]",0.1891387555327172,0.24397096110890704,0.9455072040008804,0.4595389735475015
AABattery,"[0.02247612, 0.15126315, -0.00284535, 0.11772227, 0.1256676, 0.03606809]",0.4575922398324471,0.7736106015929523,0.9602460856380016,0.7304829756878003
Mattress,"[0.02247612, 0.15126315, -0.00284535, 0.11772227, 0.1256676, 0.03606809]",0.6488462430071551,0.7552086030918064,0.14892262027559677,0.5176591554581861
Poster,"[0.02247612, 0.15126315, -0.00284535, 0.11772227, 0.1256676, 0.03606809]",0.5035560485811605,0.5255705642575828,0.17404579997505598,0.4010574709379331
Oven,"[0.02247612, 0.15126315, -0.00284535, 0.11772227, 0.1256676, 0.03606809]",0.31974051049379215,0.9046620951917286,0.7034209571568236,0.6426078542807815
Bucket,"[0.02247612, 0.15126315, -0.00284535, 0.11772227, 0.1256676, 0.03606809]",0.1909072887370138,0.30042575200425436,0.35102017648381934,0.28078440574169583
Piano,"[0.02247612, 0.15126315, -0.00284535, 0.11772227, 0.1256676, 0.03606809]",0.13405749274625522,0.38623125661732616,0.9238591319277363,0.48138262709710594
Shower,"[0.02247612, 0.15126315, -0.00284535, 0.11772227, 0.1256676, 0.03606809]",0.04658996829922579,0.9130638561694626,0.7859764799841376,0.5818767681509419
Statue,"[0.02247612, 0.15126315, -0.00284535, 0.11772227, 0.1256676, 0.03606809]",0.34597627572273526,0.19026812077497424,0.8429710720856484,0.4597384895277859
Glasses,"[0.02247612, 0.15126315, -0.00284535, 0.11772227, 0.1256676, 0.03606809]",0.5015174548628132,0.5194067280520981,0.29651771310452824,0.43914729867314645
Guitar,"[0.02247612, 0.15126315, -0.00284535, 0.11772227, 0.1256676, 0.03606809]",0.13104793712501028,0.85896317398683,0.17581892718993775,0.3886100127672593
Desktop,"[0.02247612, 0.15126315, -0.00284535, 0.11772227, 0.1256676, 0.03606809]",0.35240950451463393,0.9960029086999307,0.8873037049151432,0.7452387060432359
Pizza,"[0.02247612, 0.15126315, -0.00284535, 0.11772227, 0.1256676, 0.03606809]",0.5427409684692012,0.684450110249484,0.4964603126781595,0.5745504637989483
Cassette,"[0.02247612, 0.15126315, -0.00284535, 0.11772227, 0.1256676, 0.03606809]",0.41558688859206105,0.7309361829612828,0.979541924783595,0.7086883321123129
Headphones,"[0.02247612, 0.15126315, -0.00284535, 0.11772227, 0.1256676, 0.03606809]",0.28542049533551317,0.13482406120008272,0.28539089175883126,0.23521181609814237
RubiksCube,"[0.02247612, 0.15126315, -0.00284535, 0.11772227, 0.1256676, 0.03606809]",0.24814069077526602,0.0009904132073406124,0.48483290771817744,0.24465467056692802
PosterBed,"[0.02247612, 0.15126315, -0.00284535, 0.11772227, 0.1256676, 0.03606809]",0.6183889864754303,0.46376230697170506,0.626772803524593,0.5696413656572428
PictureFrame,"[0.02247612, 0.15126315, -0.00284535, 0.11772227, 0.1256676, 0.03606809]",0.5350956555733805,0.053568957936418804,0.10304173734589561,0.23056878361856495
BeanBag,"[0.02247612, 0.15126315, -0.00284535, 0.11772227, 0.1256676, 0.03606809]",0.5124915877860855,0.45527914548887805,0.6870511874349318,0.5516073069032984
Faucet,"[0.02247612, 0.15126315, -0.00284535, 0.11772227, 0.1256676, 0.03606809]",0.608070876904265,0.7156919628579756,0.0021778533757599305,0.44198023104600015
Board,"[0.02247612, 0.15126315, -0.00284535, 0.11772227, 0.1256676, 0.03606809]",0.9024965645630045,0.5661369735137288,0.3270930232797833,0.5985755204521722
OfficeSideChair,"[0.02247612, 0.15126315, -0.00284535, 0.11772227, 0.1256676, 0.03606809]",0.30815855038036233,0.8423689045391667,0.9111230554462647,0.6872168367885979
DecorativeAccessory,"[0.02247612, 0.15126315, -0.00284535, 0.11772227, 0.1256676, 0.03606809]",0.6098305447318202,0.320740075988755,0.2790245266640763,0.40319838246155043
ToiletPaper,"[0.02247612, 0.15126315, -0.00284535, 0.11772227, 0.1256676, 0.03606809]",0.7935901863027357,0.0028834728827376033,0.9136051657972154,0.5700262749942295
3Shelves,"[0.02247612, 0.15126315, -0.00284535, 0.11772227, 0.1256676, 0.03606809]",0.7458408488743772,0.09275166069522767,0.9307420006799307,0.5897781700831786
Shampoo,"[0.02247612, 0.15126315, -0.00284535, 0.11772227, 0.1256676, 0.03606809]",0.8385306741648062,0.4012990087797602,0.7345860685307398,0.6581385838251022
Door,"[0.02247612, 0.15126315, -0.00284535, 0.11772227, 0.1256676, 0.03606809]",0.30983384689694815,0.8250128256642735,0.31985887950951186,0.4849018506902445
Computer,"[0.02247612, 0.15126315, -0.00284535, 0.11772227, 0.1256676, 0.03606809]",0.34035930575059703,0.12023995790823916,0.8480061119075796,0.4362017918554719
TrashBin,"[0.02247612, 0.15126315, -0.00284535, 0.11772227, 0.1256676, 0.03606809]",0.833700713701724,0.7002327930882172,0.14197645732425068,0.5586366547047307
Lamp,"[0.02247612, 0.15126315, -0.00284535, 0.11772227, 0.1256676, 0.03606809]",0.6867300073074883,0.0771055117498336,0.9946617968272355,0.5861657719615191
Plate,"[0.02247612, 0.15126315, -0.00284535, 0.11772227, 0.1256676, 0.03606809]",0.47178626975752125,0.06493276209930687,0.14294180436476533,0.22655361207386449
DiscCase,"[0.02247612, 0.15126315, -0.00284535, 0.11772227, 0.1256676, 0.03606809]",0.6390729965121374,0.18788040205225998,0.21226202520355308,0.3464051412559835
ScrewDriver,"[0.02247612, 0.15126315, -0.00284535, 0.11772227, 0.1256676, 0.03606809]",0.28427904125850456,0.566347387142661,0.6993286932599596,0.516651707220375
Teapot,"[0.02247612, 0.15126315, -0.00284535, 0.11772227, 0.1256676, 0.03606809]",0.11287819882029249,0.21225919026098505,0.573551403882891,0.2995629309880562
Bottle,"[0.02247612, 0.15126315, -0.00284535, 0.11772227, 0.1256676, 0.03606809]",0.8214119592573632,0.96725203739922,0.9487813059896024,0.9124817675487286
ChestOfDrawers,"[0.02247612, 0.15126315, -0.00284535, 0.11772227, 0.1256676, 0.03606809]",0.5141847531736322,0.6381220213788743,0.448552061079701,0.5336196118774025
Sandwich,"[0.02247612, 0.15126315, -0.00284535, 0.11772227, 0.1256676, 0.03606809]",0.1656098988470036,0.2172663545971235,0.4648685918678914,0.2825816151040062
Nightstand,"[0.02247612, 0.15126315, -0.00284535, 0.11772227, 0.1256676, 0.03606809]",0.06686413790163159,0.8122701614275235,0.8083960448153327,0.5625101147148293
PowerStrip,"[0.02247612, 0.15126315, -0.00284535, 0.11772227, 0.1256676, 0.03606809]",0.07038925843969224,0.18909447169027016,0.2776124353539091,0.1790320551612905
WallLamp,"[0.02247612, 0.15126315, -0.00284535, 0.11772227, 0.1256676, 0.03606809]",0.39690015711073057,0.667857019459693,0.8642143680610305,0.6429905148771513
CoffeeTable,"[0.02247612, 0.15126315, -0.00284535, 0.11772227, 0.1256676, 0.03606809]",0.9506963657179454,0.2530757166919009,0.022644292117212084,0.40880545817568614
GuitarStand,"[0.02247612, 0.15126315, -0.00284535, 0.11772227, 0.1256676, 0.03606809]",0.8101986709526191,0.4256410459190505,0.8600786854137663,0.6986394674284786
Gun,"[0.02247612, 0.15126315, -0.00284535, 0.11772227, 0.1256676, 0.03606809]",0.44696626046815713,0.6380043860805833,0.4726431269979978,0.5192045911822462
PersonStanding,"[0.02247612, 0.15126315, -0.00284535, 0.11772227, 0.1256676, 0.03606809]",0.4727875489390809,0.8397629829630995,0.09113404174888917,0.46789485788368984
Sheep,"[0.02247612, 0.15126315, -0.00284535, 0.11772227, 0.1256676, 0.03606809]",0.36418942966923695,0.149814789737858,0.39770909207042404,0.303904437159173
DrinkBottle,"[0.02247612, 0.15126315, -0.00284535, 0.11772227, 0.1256676, 0.03606809]",0.0283832982079677,0.40756832451987357,0.6798958084909136,0.371949143739585
SoapBottle,"[0.02247612, 0.15126315, -0.00284535, 0.11772227, 0.1256676, 0.03606809]",0.2617515979835462,0.51761003779293,0.007774444262558133,0.2623786933463448
Helicopter,"[0.02247612, 0.15126315, -0.00284535, 0.11772227, 0.1256676, 0.03606809]",0.45120337846783376,0.2555771148216742,0.32003256311091466,0.34227101880014094
Cap,"[0.02247612, 0.15126315, -0.00284535, 0.11772227, 0.1256676, 0.03606809]",0.3241355441329806,0.37546207724614844,0.42075536396319035,0.37345099511410645
Pedestal,"[0.02247612, 0.15126315, -0.00284535, 0.11772227, 0.1256676, 0.03606809]",0.11749305582425873,0.09701065907011996,0.7815598422412829,0.3320211857118872
Bear,"[0.02247612, 0.15126315, -0.00284535, 0.11772227, 0.1256676, 0.03606809]",0.48676523022926677,0.16569165610271275,0.1265852222266789,0.25968070285288614
Cake,"[0.02247612, 0.15126315, -0.00284535, 0.11772227, 0.1256676, 0.03606809]",0.6154192586077917,0.0022552591161583146,0.46635158314234737,0.3613420336220991
Refrigerator,"[0.02247612, 0.15126315, -0.00284535, 0.11772227, 0.1256676, 0.03606809]",0.10948630416017402,0.724967457456838,0.852021719297254,0.5621584936380887
Car,"[0.02247612, 0.15126315, -0.00284535, 0.11772227, 0.1256676, 0.03606809]",0.6893727170891979,0.09151649780943893,0.9118034499409748,0.5642308882798706
FileCabinet,"[0.02247612, 0.15126315, -0.00284535, 0.11772227, 0.1256676, 0.03606809]",0.2645115724382209,0.7539983503877976,0.8719124757894657,0.6301407995384948
ComputerMouse,"[0.02247612, 0.15126315, -0.00284535, 0.11772227, 0.1256676, 0.03606809]",0.47890750544874505,0.5880454050232599,0.39052322871156364,0.4858253797278562
Pillow,"[0.02247612, 0.15126315, -0.00284535, 0.11772227, 0.1256676, 0.03606809]",0.6495914314021631,0.7999798690125057,0.5317467118508998,0.6604393374218562
Microwave,"[0.02247612, 0.15126315, -0.00284535, 0.11772227, 0.1256676, 0.03606809]",0.1657426933246815,0.5797853321395764,0.04310954163860892,0.2628791890342889
Toilet,"[0.02247612, 0.15126315, -0.00284535, 0.11772227, 0.1256676, 0.03606809]",0.14301961489003123,0.7090221215164172,0.2440834502984187,0.3653750622349557
Wii,"[0.02247612, 0.15126315, -0.00284535, 0.11772227, 0.1256676, 0.03606809]",0.6578530949689381,0.34076018540831354,0.8610880120389912,0.6199004308054142
AAABattery,"[0.02247612, 0.15126315, -0.00284535, 0.11772227, 0.1256676, 0.03606809]",0.2860570232111149,0.7198189291911139,0.07859848884391818,0.3614914804153823
